#
# There is insufficient memory for the Java Runtime Environment to continue.
# Native memory allocation (malloc) failed to allocate 974096 bytes for Chunk::new
# Possible reasons:
#   The system is out of physical RAM or swap space
#   The process is running with CompressedOops enabled, and the Java Heap may be blocking the growth of the native heap
# Possible solutions:
#   Reduce memory load on the system
#   Increase physical memory or swap space
#   Check if swap backing store is full
#   Decrease Java heap size (-Xmx/-Xms)
#   Decrease number of Java threads
#   Decrease Java thread stack sizes (-Xss)
#   Set larger code cache with -XX:ReservedCodeCacheSize=
#   JVM is running with Unscaled Compressed Oops mode in which the Java heap is
#     placed in the first 4GB address space. The Java Heap base address is the
#     maximum limit for the native heap growth. Please use -XX:HeapBaseMinAddress
#     to set the Java Heap base and to place the Java Heap above 4GB virtual address.
# This output file may be truncated or incomplete.
#
#  Out of Memory Error (arena.cpp:189), pid=33108, tid=19924
#
# JRE version: Java(TM) SE Runtime Environment (17.0.12+8) (build 17.0.12+8-LTS-286)
# Java VM: Java HotSpot(TM) 64-Bit Server VM (17.0.12+8-LTS-286, mixed mode, sharing, tiered, compressed oops, compressed class ptrs, g1 gc, windows-amd64)
# No core dump will be written. Minidumps are not enabled by default on client versions of Windows
#

---------------  S U M M A R Y ------------

Command Line: -XX:MaxMetaspaceSize=512m --add-opens=java.base/java.util=ALL-UNNAMED --add-opens=java.base/java.lang=ALL-UNNAMED --add-opens=java.base/java.lang.invoke=ALL-UNNAMED --add-opens=java.prefs/java.util.prefs=ALL-UNNAMED --add-opens=java.base/java.nio.charset=ALL-UNNAMED --add-opens=java.base/java.net=ALL-UNNAMED --add-opens=java.base/java.util.concurrent.atomic=ALL-UNNAMED -Xmx2048m -Dfile.encoding=windows-1252 -Duser.country=IN -Duser.language=en -Duser.variant -javaagent:C:\Users\navee\.gradle\wrapper\dists\gradle-8.7-all\aan3ydargesu18aqyqjwhr3pc\gradle-8.7\lib\agents\gradle-instrumentation-agent-8.7.jar org.gradle.launcher.daemon.bootstrap.GradleDaemon 8.7

Host: AMD Ryzen 5 5500U with Radeon Graphics         , 12 cores, 7G,  Windows 11 , 64 bit Build 26100 (10.0.26100.9444)
Time: Thu Sep 17 16:57:20 2026 India Standard Time elapsed time: 155.127910 seconds (0d 0h 2m 35s)

---------------  T H R E A D  ---------------

Current thread (0x00000172fa36af90):  JavaThread "C2 CompilerThread0" daemon [_thread_in_native, id=19924, stack(0x0000006861500000,0x0000006861600000)]


Current CompileTask:
C2: 155129 14034       4       org.codehaus.groovy.reflection.stdclasses.CachedSAMClass$$Lambda$424/0x00000172813e0fd0::test (12 bytes)

Stack: [0x0000006861500000,0x0000006861600000]
Native frames: (J=compiled Java code, j=interpreted, Vv=VM code, C=native code)
V  [jvm.dll+0x67a04a]
V  [jvm.dll+0x7da4ed]
V  [jvm.dll+0x7dbe33]
V  [jvm.dll+0x7dc4a3]
V  [jvm.dll+0x24508f]
V  [jvm.dll+0xab773]
V  [jvm.dll+0xabd3c]
V  [jvm.dll+0x2aa52f]
V  [jvm.dll+0x581eb9]
V  [jvm.dll+0x21f422]
V  [jvm.dll+0x21837b]
V  [jvm.dll+0x215b65]
V  [jvm.dll+0x1a2960]
V  [jvm.dll+0x22610b]
V  [jvm.dll+0x2242ab]
V  [jvm.dll+0x79075c]
V  [jvm.dll+0x78abea]
V  [jvm.dll+0x678f35]
C  [ucrtbase.dll+0x2cd30]
C  [KERNEL32.DLL+0x2cd87]
C  [ntdll.dll+0xacaec]


---------------  P R O C E S S  ---------------

Threads class SMR info:
_java_thread_list=0x000001729e742e50, length=194, elements={
0x00000172dbd03fe0, 0x00000172fa3448b0, 0x00000172fa345380, 0x00000172fa365230,
0x00000172fa367b10, 0x00000172fa368b80, 0x00000172fa369450, 0x00000172fa36af90,
0x00000172fa371630, 0x00000172fa3726e0, 0x00000172fa58b750, 0x00000172fa665010,
0x000001729cc1d010, 0x000001729b823c00, 0x000001729b533570, 0x000001729c727bc0,
0x000001729befe3c0, 0x000001729b6a6260, 0x000001729b6a6c80, 0x000001729b6a34d0,
0x000001729b6a6770, 0x000001729b6a3ef0, 0x000001729b6a4400, 0x000001729b6a4910,
0x000001729b6a5330, 0x000001729cbe9810, 0x000001729cbe7ec0, 0x000001729cbe9300,
0x000001729cbe8df0, 0x000001729cbe6570, 0x000001729cbe83d0, 0x000001729cbe6f90,
0x000001729cbe88e0, 0x000001729cbe9d20, 0x000001729cbea230, 0x000001729cbe6a80,
0x000001729cbea740, 0x000001729cbeac50, 0x000001729cbed9e0, 0x000001729cbeb670,
0x000001729cbebb80, 0x000001729cbec090, 0x000001729cbec5a0, 0x000001729cbecab0,
0x000001729cbecfc0, 0x000001729cbed4d0, 0x000001729be56760, 0x000001729be55320,
0x000001729be54900, 0x000001729be55830, 0x000001729be54e10, 0x000001729be55d40,
0x000001729be56250, 0x000001729be56c70, 0x000001729be57690, 0x000001729be53ee0,
0x000001729be57ba0, 0x000001729be543f0, 0x000001729be58fe0, 0x000001729be5a930,
0x000001729be594f0, 0x000001729be5b860, 0x000001729be585c0, 0x000001729be58ad0,
0x000001729be5ae40, 0x000001729be59f10, 0x000001729be59a00, 0x000001729b6a5d50,
0x000001729be5b350, 0x000001729cbeb160, 0x000001729e4e9c80, 0x000001729e4eb0c0,
0x000001729e4ea190, 0x000001729e4e7e20, 0x000001729e4e8d50, 0x000001729e4ea6a0,
0x000001729e4eb5d0, 0x000001729e4e9770, 0x000001729e4ebae0, 0x000001729e4e8840,
0x000001729e4ebff0, 0x000001729e4e9260, 0x000001729e4eed80, 0x000001729e4ec500,
0x000001729e4ef290, 0x000001729e4ef7a0, 0x000001729e4ee870, 0x000001729e4eca10,
0x000001729e4ecf20, 0x000001729e4ed430, 0x000001729e4ed940, 0x000001729e4ede50,
0x000001729e4ee360, 0x000001729ec19a90, 0x000001729ec1b3e0, 0x000001729ec19fa0,
0x000001729ec1aed0, 0x000001729ec1a4b0, 0x000001729ec1a9c0, 0x000001729ec1b8f0,
0x000001729ec1be00, 0x000001729ec1c310, 0x000001729ec19580, 0x000001729ec1c820,
0x000001729ec19070, 0x000001729ec1e680, 0x000001729ec1f0a0, 0x000001729ec1cd30,
0x000001729ec1d240, 0x000001729ec1ffd0, 0x000001729ec1fac0, 0x000001729ec1eb90,
0x000001729ec1f5b0, 0x000001729ec204e0, 0x000001729ec1dc60, 0x000001729ec209f0,
0x000001729ec1d750, 0x000001729e9292a0, 0x000001729e928370, 0x000001729e928d90,
0x000001729e926000, 0x000001729e927950, 0x000001729e925af0, 0x000001729e927e60,
0x000001729e926a20, 0x000001729e928880, 0x000001729e926f30, 0x000001729e9297b0,
0x000001729e929cc0, 0x000001729e926510, 0x000001729e927440, 0x000001729e92cf60,
0x000001729e92b100, 0x000001729e92abf0, 0x000001729e92c030, 0x000001729e92c540,
0x000001729e92a6e0, 0x000001729e92b610, 0x000001729e92bb20, 0x000001729e92ca50,
0x000001729fc53aa0, 0x000001729fc55900, 0x000001729fc56830, 0x000001729fc53fb0,
0x000001729fc53080, 0x000001729fc56d40, 0x000001729fc53590, 0x000001729fc57c70,
0x000001729fc59fe0, 0x000001729fc58180, 0x000001729fc595c0, 0x000001729fc58ba0,
0x000001729fc5aa00, 0x000001729fc58690, 0x000001729fc5a4f0, 0x000001729fc590b0,
0x000001729fc57250, 0x000001729fc59ad0, 0x000001729fc57760, 0x000001729b6a39e0,
0x000001729e1afb30, 0x000001729e1aec00, 0x000001729e1af620, 0x000001729e1ae1e0,
0x000001729e1ad7c0, 0x000001729e1ac380, 0x000001729e1b0040, 0x000001729e1ac890,
0x000001729e1adcd0, 0x000001729e1af110, 0x000001729e1ae6f0, 0x000001729e1b0a60,
0x000001729e1ad2b0, 0x000001729e1b23b0, 0x000001729e1b2dd0, 0x000001729e1b32e0,
0x000001729e1b37f0, 0x000001729e1b3d00, 0x000001729e1b0f70, 0x000001729e1b1480,
0x000001729e1b1990, 0x000001729e1b28c0, 0x000001729e1b1ea0, 0x000001729c1d4a70,
0x000001729c1d72f0, 0x000001729c1d59a0, 0x000001729c1d3b40, 0x000001729c1d5490,
0x000001729c1d4f80, 0x000001729c1d4050, 0x000001729c1d6de0, 0x000001729c1d7800,
0x000001729c1d7d10, 0x000001729c1d4560
}

Java Threads: ( => current thread )
  0x00000172dbd03fe0 JavaThread "main" [_thread_blocked, id=12028, stack(0x0000006860800000,0x0000006860900000)]
  0x00000172fa3448b0 JavaThread "Reference Handler" daemon [_thread_blocked, id=1444, stack(0x0000006860f00000,0x0000006861000000)]
  0x00000172fa345380 JavaThread "Finalizer" daemon [_thread_blocked, id=34656, stack(0x0000006861000000,0x0000006861100000)]
  0x00000172fa365230 JavaThread "Signal Dispatcher" daemon [_thread_blocked, id=31620, stack(0x0000006861100000,0x0000006861200000)]
  0x00000172fa367b10 JavaThread "Attach Listener" daemon [_thread_blocked, id=19760, stack(0x0000006861200000,0x0000006861300000)]
  0x00000172fa368b80 JavaThread "Service Thread" daemon [_thread_blocked, id=10048, stack(0x0000006861300000,0x0000006861400000)]
  0x00000172fa369450 JavaThread "Monitor Deflation Thread" daemon [_thread_blocked, id=19476, stack(0x0000006861400000,0x0000006861500000)]
=>0x00000172fa36af90 JavaThread "C2 CompilerThread0" daemon [_thread_in_native, id=19924, stack(0x0000006861500000,0x0000006861600000)]
  0x00000172fa371630 JavaThread "C1 CompilerThread0" daemon [_thread_blocked, id=20960, stack(0x0000006861600000,0x0000006861700000)]
  0x00000172fa3726e0 JavaThread "Sweeper thread" daemon [_thread_blocked, id=25148, stack(0x0000006861700000,0x0000006861800000)]
  0x00000172fa58b750 JavaThread "Common-Cleaner" daemon [_thread_blocked, id=33188, stack(0x0000006861800000,0x0000006861900000)]
  0x00000172fa665010 JavaThread "Notification Thread" daemon [_thread_blocked, id=17344, stack(0x0000006861900000,0x0000006861a00000)]
  0x000001729cc1d010 JavaThread "Daemon health stats" [_thread_blocked, id=14700, stack(0x0000006862000000,0x0000006862100000)]
  0x000001729b823c00 JavaThread "Incoming local TCP Connector on port 49807" [_thread_in_native, id=28744, stack(0x0000006861f00000,0x0000006862000000)]
  0x000001729b533570 JavaThread "Daemon periodic checks" [_thread_blocked, id=25608, stack(0x0000006862100000,0x0000006862200000)]
  0x000001729c727bc0 JavaThread "Daemon" [_thread_blocked, id=18648, stack(0x0000006862300000,0x0000006862400000)]
  0x000001729befe3c0 JavaThread "Handler for socket connection from /127.0.0.1:49807 to /127.0.0.1:49808" [_thread_in_native, id=29320, stack(0x0000006862400000,0x0000006862500000)]
  0x000001729b6a6260 JavaThread "Cancel handler" [_thread_blocked, id=2308, stack(0x0000006862200000,0x0000006862300000)]
  0x000001729b6a6c80 JavaThread "Daemon worker" [_thread_in_vm, id=25800, stack(0x0000006862500000,0x0000006862600000)]
  0x000001729b6a34d0 JavaThread "Asynchronous log dispatcher for DefaultDaemonConnection: socket connection from /127.0.0.1:49807 to /127.0.0.1:49808" [_thread_blocked, id=8108, stack(0x0000006862600000,0x0000006862700000)]
  0x000001729b6a6770 JavaThread "Daemon client event forwarder" [_thread_blocked, id=26808, stack(0x0000006862800000,0x0000006862900000)]
  0x000001729b6a3ef0 JavaThread "Cache worker for journal cache (C:\Users\navee\.gradle\caches\journal-1)" [_thread_blocked, id=27004, stack(0x0000006862f00000,0x0000006863000000)]
  0x000001729b6a4400 JavaThread "File lock request listener" [_thread_in_native, id=6420, stack(0x0000006863000000,0x0000006863100000)]
  0x000001729b6a4910 JavaThread "Cache worker for file hash cache (C:\Users\navee\.gradle\caches\8.7\fileHashes)" [_thread_blocked, id=9608, stack(0x0000006863100000,0x0000006863200000)]
  0x000001729b6a5330 JavaThread "Cache worker for file hash cache (D:\INBI Projects\Pygma\PygmaAgentApp\android\.gradle\8.7\fileHashes)" [_thread_blocked, id=33736, stack(0x0000006863200000,0x0000006863300000)]
  0x000001729cbe9810 JavaThread "File watcher server" daemon [_thread_in_native, id=4112, stack(0x0000006863300000,0x0000006863400000)]
  0x000001729cbe7ec0 JavaThread "File watcher consumer" daemon [_thread_blocked, id=8480, stack(0x0000006863400000,0x0000006863500000)]
  0x000001729cbe9300 JavaThread "Cache worker for checksums cache (D:\INBI Projects\Pygma\PygmaAgentApp\android\.gradle\8.7\checksums)" [_thread_blocked, id=9516, stack(0x0000006863700000,0x0000006863800000)]
  0x000001729cbe8df0 JavaThread "Cache worker for cache directory md-supplier (C:\Users\navee\.gradle\caches\8.7\md-supplier)" [_thread_blocked, id=1880, stack(0x0000006862e00000,0x0000006862f00000)]
  0x000001729cbe6570 JavaThread "Cache worker for cache directory md-rule (C:\Users\navee\.gradle\caches\8.7\md-rule)" [_thread_blocked, id=10412, stack(0x0000006863800000,0x0000006863900000)]
  0x000001729cbe83d0 JavaThread "Cache worker for file content cache (C:\Users\navee\.gradle\caches\8.7\fileContent)" [_thread_blocked, id=18256, stack(0x0000006863a00000,0x0000006863b00000)]
  0x000001729cbe6f90 JavaThread "jar transforms" [_thread_blocked, id=19820, stack(0x0000006863b00000,0x0000006863c00000)]
  0x000001729cbe88e0 JavaThread "jar transforms Thread 2" [_thread_blocked, id=28180, stack(0x0000006863c00000,0x0000006863d00000)]
  0x000001729cbe9d20 JavaThread "jar transforms Thread 3" [_thread_blocked, id=34664, stack(0x0000006863e00000,0x0000006863f00000)]
  0x000001729cbea230 JavaThread "jar transforms Thread 4" [_thread_blocked, id=17460, stack(0x0000006863f00000,0x0000006864000000)]
  0x000001729cbe6a80 JavaThread "Exec process" [_thread_blocked, id=5696, stack(0x0000006864000000,0x0000006864100000)]
  0x000001729cbea740 JavaThread "Exec process Thread 2" [_thread_blocked, id=24660, stack(0x0000006864100000,0x0000006864200000)]
  0x000001729cbeac50 JavaThread "Exec process Thread 3" [_thread_blocked, id=5524, stack(0x0000006864200000,0x0000006864300000)]
  0x000001729cbed9e0 JavaThread "Unconstrained build operations" [_thread_blocked, id=24504, stack(0x0000006864500000,0x0000006864600000)]
  0x000001729cbeb670 JavaThread "Unconstrained build operations Thread 2" [_thread_blocked, id=10756, stack(0x0000006864600000,0x0000006864700000)]
  0x000001729cbebb80 JavaThread "Unconstrained build operations Thread 3" [_thread_blocked, id=13424, stack(0x0000006864700000,0x0000006864800000)]
  0x000001729cbec090 JavaThread "Unconstrained build operations Thread 4" [_thread_blocked, id=29632, stack(0x0000006864800000,0x0000006864900000)]
  0x000001729cbec5a0 JavaThread "Cache worker for Build Output Cleanup Cache (D:\INBI Projects\Pygma\PygmaAgentApp\node_modules\@react-native\gradle-plugin\.gradle\buildOutputCleanup)" [_thread_blocked, id=4492, stack(0x0000006864900000,0x0000006864a00000)]
  0x000001729cbecab0 JavaThread "Unconstrained build operations Thread 5" [_thread_blocked, id=28364, stack(0x0000006860500000,0x0000006860600000)]
  0x000001729cbecfc0 JavaThread "Unconstrained build operations Thread 6" [_thread_blocked, id=33200, stack(0x0000006860600000,0x0000006860700000)]
  0x000001729cbed4d0 JavaThread "Unconstrained build operations Thread 7" [_thread_blocked, id=22960, stack(0x0000006860700000,0x0000006860800000)]
  0x000001729be56760 JavaThread "Unconstrained build operations Thread 8" [_thread_blocked, id=17504, stack(0x0000006864a00000,0x0000006864b00000)]
  0x000001729be55320 JavaThread "Unconstrained build operations Thread 9" [_thread_blocked, id=33952, stack(0x0000006864b00000,0x0000006864c00000)]
  0x000001729be54900 JavaThread "Unconstrained build operations Thread 10" [_thread_blocked, id=22728, stack(0x0000006864c00000,0x0000006864d00000)]
  0x000001729be55830 JavaThread "Unconstrained build operations Thread 11" [_thread_blocked, id=3104, stack(0x0000006864d00000,0x0000006864e00000)]
  0x000001729be54e10 JavaThread "Unconstrained build operations Thread 12" [_thread_blocked, id=9632, stack(0x0000006864e00000,0x0000006864f00000)]
  0x000001729be55d40 JavaThread "Unconstrained build operations Thread 13" [_thread_blocked, id=5584, stack(0x0000006864f00000,0x0000006865000000)]
  0x000001729be56250 JavaThread "Unconstrained build operations Thread 14" [_thread_blocked, id=28992, stack(0x0000006865000000,0x0000006865100000)]
  0x000001729be56c70 JavaThread "Unconstrained build operations Thread 15" [_thread_blocked, id=27224, stack(0x0000006865100000,0x0000006865200000)]
  0x000001729be57690 JavaThread "Unconstrained build operations Thread 16" [_thread_blocked, id=2164, stack(0x0000006865200000,0x0000006865300000)]
  0x000001729be53ee0 JavaThread "Unconstrained build operations Thread 17" [_thread_blocked, id=19108, stack(0x0000006865300000,0x0000006865400000)]
  0x000001729be57ba0 JavaThread "Unconstrained build operations Thread 18" [_thread_blocked, id=19116, stack(0x0000006865400000,0x0000006865500000)]
  0x000001729be543f0 JavaThread "Unconstrained build operations Thread 19" [_thread_blocked, id=25904, stack(0x0000006865500000,0x0000006865600000)]
  0x000001729be58fe0 JavaThread "Unconstrained build operations Thread 20" [_thread_blocked, id=15964, stack(0x0000006865600000,0x0000006865700000)]
  0x000001729be5a930 JavaThread "Unconstrained build operations Thread 21" [_thread_blocked, id=26716, stack(0x0000006865700000,0x0000006865800000)]
  0x000001729be594f0 JavaThread "Unconstrained build operations Thread 22" [_thread_blocked, id=20472, stack(0x0000006865800000,0x0000006865900000)]
  0x000001729be5b860 JavaThread "Unconstrained build operations Thread 23" [_thread_blocked, id=9016, stack(0x0000006865900000,0x0000006865a00000)]
  0x000001729be585c0 JavaThread "Unconstrained build operations Thread 24" [_thread_blocked, id=26908, stack(0x0000006865a00000,0x0000006865b00000)]
  0x000001729be58ad0 JavaThread "Unconstrained build operations Thread 25" [_thread_blocked, id=16760, stack(0x0000006865b00000,0x0000006865c00000)]
  0x000001729be5ae40 JavaThread "Unconstrained build operations Thread 26" [_thread_blocked, id=17736, stack(0x0000006865c00000,0x0000006865d00000)]
  0x000001729be59f10 JavaThread "build event listener" [_thread_blocked, id=20740, stack(0x0000006865d00000,0x0000006865e00000)]
  0x000001729be59a00 JavaThread "Memory manager" [_thread_blocked, id=32200, stack(0x0000006862700000,0x0000006862800000)]
  0x000001729b6a5d50 JavaThread "Cache worker for Build Output Cleanup Cache (D:\INBI Projects\Pygma\PygmaAgentApp\android\.gradle\buildOutputCleanup)" [_thread_blocked, id=13896, stack(0x0000006865e00000,0x0000006865f00000)]
  0x000001729be5b350 JavaThread "jar transforms Thread 5" [_thread_blocked, id=11472, stack(0x0000006865f00000,0x0000006866000000)]
  0x000001729cbeb160 JavaThread "ForkJoinPool.commonPool-worker-1" daemon [_thread_blocked, id=7624, stack(0x0000006863900000,0x0000006863a00000)]
  0x000001729e4e9c80 JavaThread "ForkJoinPool.commonPool-worker-3" daemon [_thread_blocked, id=32224, stack(0x0000006866200000,0x0000006866300000)]
  0x000001729e4eb0c0 JavaThread "ForkJoinPool.commonPool-worker-4" daemon [_thread_blocked, id=5860, stack(0x0000006866300000,0x0000006866400000)]
  0x000001729e4ea190 JavaThread "ForkJoinPool.commonPool-worker-5" daemon [_thread_blocked, id=12928, stack(0x0000006866400000,0x0000006866500000)]
  0x000001729e4e7e20 JavaThread "ForkJoinPool.commonPool-worker-6" daemon [_thread_blocked, id=34196, stack(0x0000006866500000,0x0000006866600000)]
  0x000001729e4e8d50 JavaThread "ForkJoinPool.commonPool-worker-7" daemon [_thread_blocked, id=19376, stack(0x0000006866600000,0x0000006866700000)]
  0x000001729e4ea6a0 JavaThread "ForkJoinPool.commonPool-worker-9" daemon [_thread_blocked, id=688, stack(0x0000006866700000,0x0000006866800000)]
  0x000001729e4eb5d0 JavaThread "ForkJoinPool.commonPool-worker-8" daemon [_thread_blocked, id=24672, stack(0x0000006866800000,0x0000006866900000)]
  0x000001729e4e9770 JavaThread "ForkJoinPool.commonPool-worker-10" daemon [_thread_blocked, id=6168, stack(0x0000006866900000,0x0000006866a00000)]
  0x000001729e4ebae0 JavaThread "ForkJoinPool.commonPool-worker-11" daemon [_thread_blocked, id=20452, stack(0x0000006866a00000,0x0000006866b00000)]
  0x000001729e4e8840 JavaThread "Execution worker" [_thread_blocked, id=7436, stack(0x0000006866c00000,0x0000006866d00000)]
  0x000001729e4ebff0 JavaThread "Execution worker Thread 2" [_thread_blocked, id=10520, stack(0x0000006866d00000,0x0000006866e00000)]
  0x000001729e4e9260 JavaThread "Execution worker Thread 3" [_thread_blocked, id=3396, stack(0x0000006866e00000,0x0000006866f00000)]
  0x000001729e4eed80 JavaThread "Execution worker Thread 4" [_thread_blocked, id=2324, stack(0x0000006866f00000,0x0000006867000000)]
  0x000001729e4ec500 JavaThread "Execution worker Thread 5" [_thread_blocked, id=24396, stack(0x0000006867000000,0x0000006867100000)]
  0x000001729e4ef290 JavaThread "Execution worker Thread 6" [_thread_blocked, id=31944, stack(0x0000006867100000,0x0000006867200000)]
  0x000001729e4ef7a0 JavaThread "Execution worker Thread 7" [_thread_blocked, id=17248, stack(0x0000006867200000,0x0000006867300000)]
  0x000001729e4ee870 JavaThread "Execution worker Thread 8" [_thread_blocked, id=3836, stack(0x0000006867300000,0x0000006867400000)]
  0x000001729e4eca10 JavaThread "Execution worker Thread 9" [_thread_blocked, id=10888, stack(0x0000006867400000,0x0000006867500000)]
  0x000001729e4ecf20 JavaThread "Execution worker Thread 10" [_thread_blocked, id=30424, stack(0x0000006867500000,0x0000006867600000)]
  0x000001729e4ed430 JavaThread "Execution worker Thread 11" [_thread_blocked, id=23344, stack(0x0000006867600000,0x0000006867700000)]
  0x000001729e4ed940 JavaThread "Cache worker for execution history cache (D:\INBI Projects\Pygma\PygmaAgentApp\node_modules\@react-native\gradle-plugin\.gradle\8.7\executionHistory)" [_thread_blocked, id=31600, stack(0x0000006867700000,0x0000006867800000)]
  0x000001729e4ede50 JavaThread "Unconstrained build operations Thread 27" [_thread_blocked, id=18172, stack(0x0000006866000000,0x0000006866100000)]
  0x000001729e4ee360 JavaThread "Unconstrained build operations Thread 28" [_thread_blocked, id=2764, stack(0x0000006867800000,0x0000006867900000)]
  0x000001729ec19a90 JavaThread "Unconstrained build operations Thread 29" [_thread_blocked, id=21904, stack(0x0000006867900000,0x0000006867a00000)]
  0x000001729ec1b3e0 JavaThread "Unconstrained build operations Thread 30" [_thread_blocked, id=21028, stack(0x0000006867a00000,0x0000006867b00000)]
  0x000001729ec19fa0 JavaThread "Unconstrained build operations Thread 31" [_thread_blocked, id=25560, stack(0x0000006867b00000,0x0000006867c00000)]
  0x000001729ec1aed0 JavaThread "Unconstrained build operations Thread 32" [_thread_blocked, id=31164, stack(0x0000006867c00000,0x0000006867d00000)]
  0x000001729ec1a4b0 JavaThread "Unconstrained build operations Thread 33" [_thread_blocked, id=4908, stack(0x0000006867d00000,0x0000006867e00000)]
  0x000001729ec1a9c0 JavaThread "Unconstrained build operations Thread 34" [_thread_blocked, id=10972, stack(0x0000006867e00000,0x0000006867f00000)]
  0x000001729ec1b8f0 JavaThread "Unconstrained build operations Thread 35" [_thread_blocked, id=25164, stack(0x0000006867f00000,0x0000006868000000)]
  0x000001729ec1be00 JavaThread "Unconstrained build operations Thread 36" [_thread_blocked, id=13400, stack(0x0000006868000000,0x0000006868100000)]
  0x000001729ec1c310 JavaThread "Unconstrained build operations Thread 37" [_thread_blocked, id=21020, stack(0x0000006868100000,0x0000006868200000)]
  0x000001729ec19580 JavaThread "Unconstrained build operations Thread 38" [_thread_blocked, id=23512, stack(0x0000006868200000,0x0000006868300000)]
  0x000001729ec1c820 JavaThread "Unconstrained build operations Thread 39" [_thread_blocked, id=11628, stack(0x0000006868300000,0x0000006868400000)]
  0x000001729ec19070 JavaThread "Unconstrained build operations Thread 40" [_thread_blocked, id=5864, stack(0x0000006868400000,0x0000006868500000)]
  0x000001729ec1e680 JavaThread "Unconstrained build operations Thread 41" [_thread_blocked, id=20880, stack(0x0000006868500000,0x0000006868600000)]
  0x000001729ec1f0a0 JavaThread "Unconstrained build operations Thread 42" [_thread_blocked, id=31080, stack(0x0000006868600000,0x0000006868700000)]
  0x000001729ec1cd30 JavaThread "Unconstrained build operations Thread 43" [_thread_blocked, id=26276, stack(0x0000006868700000,0x0000006868800000)]
  0x000001729ec1d240 JavaThread "Unconstrained build operations Thread 44" [_thread_blocked, id=25764, stack(0x0000006868800000,0x0000006868900000)]
  0x000001729ec1ffd0 JavaThread "Unconstrained build operations Thread 45" [_thread_blocked, id=28300, stack(0x0000006868900000,0x0000006868a00000)]
  0x000001729ec1fac0 JavaThread "Unconstrained build operations Thread 46" [_thread_blocked, id=2380, stack(0x0000006868a00000,0x0000006868b00000)]
  0x000001729ec1eb90 JavaThread "Unconstrained build operations Thread 47" [_thread_blocked, id=17496, stack(0x0000006868b00000,0x0000006868c00000)]
  0x000001729ec1f5b0 JavaThread "Unconstrained build operations Thread 48" [_thread_blocked, id=32140, stack(0x0000006868c00000,0x0000006868d00000)]
  0x000001729ec204e0 JavaThread "Unconstrained build operations Thread 49" [_thread_blocked, id=26212, stack(0x0000006868d00000,0x0000006868e00000)]
  0x000001729ec1dc60 JavaThread "Unconstrained build operations Thread 50" [_thread_blocked, id=22592, stack(0x0000006868e00000,0x0000006868f00000)]
  0x000001729ec209f0 JavaThread "Unconstrained build operations Thread 51" [_thread_blocked, id=1320, stack(0x0000006868f00000,0x0000006869000000)]
  0x000001729ec1d750 JavaThread "Unconstrained build operations Thread 52" [_thread_blocked, id=4072, stack(0x0000006869000000,0x0000006869100000)]
  0x000001729e9292a0 JavaThread "Unconstrained build operations Thread 53" [_thread_blocked, id=25208, stack(0x0000006869100000,0x0000006869200000)]
  0x000001729e928370 JavaThread "Unconstrained build operations Thread 54" [_thread_blocked, id=1456, stack(0x0000006869200000,0x0000006869300000)]
  0x000001729e928d90 JavaThread "Unconstrained build operations Thread 55" [_thread_blocked, id=8240, stack(0x0000006869300000,0x0000006869400000)]
  0x000001729e926000 JavaThread "Unconstrained build operations Thread 56" [_thread_blocked, id=20576, stack(0x0000006869400000,0x0000006869500000)]
  0x000001729e927950 JavaThread "Unconstrained build operations Thread 57" [_thread_blocked, id=15480, stack(0x0000006869500000,0x0000006869600000)]
  0x000001729e925af0 JavaThread "Unconstrained build operations Thread 58" [_thread_blocked, id=28552, stack(0x0000006869600000,0x0000006869700000)]
  0x000001729e927e60 JavaThread "Unconstrained build operations Thread 59" [_thread_blocked, id=33800, stack(0x0000006869700000,0x0000006869800000)]
  0x000001729e926a20 JavaThread "Unconstrained build operations Thread 60" [_thread_blocked, id=25876, stack(0x0000006869800000,0x0000006869900000)]
  0x000001729e928880 JavaThread "Unconstrained build operations Thread 61" [_thread_blocked, id=13580, stack(0x0000006869900000,0x0000006869a00000)]
  0x000001729e926f30 JavaThread "Unconstrained build operations Thread 62" [_thread_blocked, id=26192, stack(0x0000006869a00000,0x0000006869b00000)]
  0x000001729e9297b0 JavaThread "Unconstrained build operations Thread 63" [_thread_blocked, id=18540, stack(0x0000006869b00000,0x0000006869c00000)]
  0x000001729e929cc0 JavaThread "Unconstrained build operations Thread 64" [_thread_blocked, id=13940, stack(0x0000006869c00000,0x0000006869d00000)]
  0x000001729e926510 JavaThread "Unconstrained build operations Thread 65" [_thread_blocked, id=34008, stack(0x0000006869d00000,0x0000006869e00000)]
  0x000001729e927440 JavaThread "Unconstrained build operations Thread 66" [_thread_blocked, id=31448, stack(0x0000006869e00000,0x0000006869f00000)]
  0x000001729e92cf60 JavaThread "Unconstrained build operations Thread 67" [_thread_blocked, id=3804, stack(0x0000006869f00000,0x000000686a000000)]
  0x000001729e92b100 JavaThread "Unconstrained build operations Thread 68" [_thread_blocked, id=16436, stack(0x000000686a000000,0x000000686a100000)]
  0x000001729e92abf0 JavaThread "Unconstrained build operations Thread 69" [_thread_blocked, id=10828, stack(0x000000686a100000,0x000000686a200000)]
  0x000001729e92c030 JavaThread "Unconstrained build operations Thread 70" [_thread_blocked, id=20084, stack(0x000000686a200000,0x000000686a300000)]
  0x000001729e92c540 JavaThread "Unconstrained build operations Thread 71" [_thread_blocked, id=23596, stack(0x000000686a300000,0x000000686a400000)]
  0x000001729e92a6e0 JavaThread "Unconstrained build operations Thread 72" [_thread_blocked, id=20688, stack(0x000000686a400000,0x000000686a500000)]
  0x000001729e92b610 JavaThread "jar transforms Thread 6" [_thread_blocked, id=29312, stack(0x000000686a500000,0x000000686a600000)]
  0x000001729e92bb20 JavaThread "jar transforms Thread 7" [_thread_blocked, id=16696, stack(0x000000686a600000,0x000000686a700000)]
  0x000001729e92ca50 JavaThread "jar transforms Thread 8" [_thread_blocked, id=612, stack(0x000000686a700000,0x000000686a800000)]
  0x000001729fc53aa0 JavaThread "build event listener" [_thread_blocked, id=30084, stack(0x000000686a800000,0x000000686a900000)]
  0x000001729fc55900 JavaThread "File lock release action executor Thread 2" [_thread_blocked, id=8992, stack(0x000000686a900000,0x000000686aa00000)]
  0x000001729fc56830 JavaThread "jar transforms Thread 9" [_thread_blocked, id=29096, stack(0x000000686aa00000,0x000000686ab00000)]
  0x000001729fc53fb0 JavaThread "jar transforms Thread 10" [_thread_blocked, id=31400, stack(0x000000686ab00000,0x000000686ac00000)]
  0x000001729fc53080 JavaThread "jar transforms Thread 11" [_thread_blocked, id=16396, stack(0x000000686ac00000,0x000000686ad00000)]
  0x000001729fc56d40 JavaThread "Unconstrained build operations Thread 73" [_thread_blocked, id=31668, stack(0x000000686ad00000,0x000000686ae00000)]
  0x000001729fc53590 JavaThread "Unconstrained build operations Thread 74" [_thread_blocked, id=22116, stack(0x000000686ae00000,0x000000686af00000)]
  0x000001729fc57c70 JavaThread "Unconstrained build operations Thread 75" [_thread_blocked, id=16216, stack(0x000000686af00000,0x000000686b000000)]
  0x000001729fc59fe0 JavaThread "Unconstrained build operations Thread 76" [_thread_blocked, id=25104, stack(0x000000686b000000,0x000000686b100000)]
  0x000001729fc58180 JavaThread "Unconstrained build operations Thread 77" [_thread_blocked, id=27752, stack(0x000000686b100000,0x000000686b200000)]
  0x000001729fc595c0 JavaThread "Unconstrained build operations Thread 78" [_thread_blocked, id=2044, stack(0x000000686b200000,0x000000686b300000)]
  0x000001729fc58ba0 JavaThread "Unconstrained build operations Thread 79" [_thread_blocked, id=6524, stack(0x000000686b300000,0x000000686b400000)]
  0x000001729fc5aa00 JavaThread "Unconstrained build operations Thread 80" [_thread_blocked, id=30500, stack(0x000000686b400000,0x000000686b500000)]
  0x000001729fc58690 JavaThread "Unconstrained build operations Thread 81" [_thread_blocked, id=19732, stack(0x000000686b500000,0x000000686b600000)]
  0x000001729fc5a4f0 JavaThread "Unconstrained build operations Thread 82" [_thread_blocked, id=25280, stack(0x000000686b600000,0x000000686b700000)]
  0x000001729fc590b0 JavaThread "Unconstrained build operations Thread 83" [_thread_blocked, id=13748, stack(0x000000686b700000,0x000000686b800000)]
  0x000001729fc57250 JavaThread "Unconstrained build operations Thread 84" [_thread_blocked, id=33632, stack(0x000000686b800000,0x000000686b900000)]
  0x000001729fc59ad0 JavaThread "Unconstrained build operations Thread 85" [_thread_blocked, id=31020, stack(0x000000686b900000,0x000000686ba00000)]
  0x000001729fc57760 JavaThread "Unconstrained build operations Thread 86" [_thread_blocked, id=12448, stack(0x000000686ba00000,0x000000686bb00000)]
  0x000001729b6a39e0 JavaThread "Unconstrained build operations Thread 87" [_thread_blocked, id=9244, stack(0x000000686bb00000,0x000000686bc00000)]
  0x000001729e1afb30 JavaThread "Unconstrained build operations Thread 88" [_thread_blocked, id=1264, stack(0x000000686bc00000,0x000000686bd00000)]
  0x000001729e1aec00 JavaThread "Unconstrained build operations Thread 89" [_thread_blocked, id=19552, stack(0x000000686bd00000,0x000000686be00000)]
  0x000001729e1af620 JavaThread "Unconstrained build operations Thread 90" [_thread_blocked, id=22764, stack(0x000000686be00000,0x000000686bf00000)]
  0x000001729e1ae1e0 JavaThread "Unconstrained build operations Thread 91" [_thread_blocked, id=33540, stack(0x000000686bf00000,0x000000686c000000)]
  0x000001729e1ad7c0 JavaThread "Unconstrained build operations Thread 92" [_thread_blocked, id=21404, stack(0x000000686c000000,0x000000686c100000)]
  0x000001729e1ac380 JavaThread "Unconstrained build operations Thread 93" [_thread_blocked, id=28292, stack(0x000000686c100000,0x000000686c200000)]
  0x000001729e1b0040 JavaThread "Unconstrained build operations Thread 94" [_thread_blocked, id=34296, stack(0x000000686c200000,0x000000686c300000)]
  0x000001729e1ac890 JavaThread "jar transforms Thread 12" [_thread_blocked, id=10532, stack(0x000000686c300000,0x000000686c400000)]
  0x000001729e1adcd0 JavaThread "Unconstrained build operations Thread 95" [_thread_blocked, id=32180, stack(0x000000686c400000,0x000000686c500000)]
  0x000001729e1af110 JavaThread "Unconstrained build operations Thread 96" [_thread_blocked, id=14108, stack(0x000000686c500000,0x000000686c600000)]
  0x000001729e1ae6f0 JavaThread "Unconstrained build operations Thread 97" [_thread_blocked, id=16308, stack(0x000000686c600000,0x000000686c700000)]
  0x000001729e1b0a60 JavaThread "Unconstrained build operations Thread 98" [_thread_blocked, id=10212, stack(0x000000686c700000,0x000000686c800000)]
  0x000001729e1ad2b0 JavaThread "Unconstrained build operations Thread 99" [_thread_blocked, id=27276, stack(0x000000686c800000,0x000000686c900000)]
  0x000001729e1b23b0 JavaThread "Unconstrained build operations Thread 100" [_thread_blocked, id=21140, stack(0x000000686c900000,0x000000686ca00000)]
  0x000001729e1b2dd0 JavaThread "Unconstrained build operations Thread 101" [_thread_blocked, id=32176, stack(0x000000686ca00000,0x000000686cb00000)]
  0x000001729e1b32e0 JavaThread "Unconstrained build operations Thread 102" [_thread_blocked, id=13224, stack(0x000000686cb00000,0x000000686cc00000)]
  0x000001729e1b37f0 JavaThread "Unconstrained build operations Thread 103" [_thread_blocked, id=33648, stack(0x000000686cc00000,0x000000686cd00000)]
  0x000001729e1b3d00 JavaThread "Unconstrained build operations Thread 104" [_thread_blocked, id=11348, stack(0x000000686cd00000,0x000000686ce00000)]
  0x000001729e1b0f70 JavaThread "Unconstrained build operations Thread 105" [_thread_blocked, id=8708, stack(0x000000686ce00000,0x000000686cf00000)]
  0x000001729e1b1480 JavaThread "Unconstrained build operations Thread 106" [_thread_blocked, id=12004, stack(0x000000686cf00000,0x000000686d000000)]
  0x000001729e1b1990 JavaThread "Unconstrained build operations Thread 107" [_thread_blocked, id=26388, stack(0x000000686d000000,0x000000686d100000)]
  0x000001729e1b28c0 JavaThread "Unconstrained build operations Thread 108" [_thread_blocked, id=34020, stack(0x000000686d100000,0x000000686d200000)]
  0x000001729e1b1ea0 JavaThread "Unconstrained build operations Thread 109" [_thread_blocked, id=2216, stack(0x000000686d200000,0x000000686d300000)]
  0x000001729c1d4a70 JavaThread "Unconstrained build operations Thread 110" [_thread_blocked, id=24764, stack(0x000000686d300000,0x000000686d400000)]
  0x000001729c1d72f0 JavaThread "Unconstrained build operations Thread 111" [_thread_blocked, id=11436, stack(0x000000686d400000,0x000000686d500000)]
  0x000001729c1d59a0 JavaThread "Unconstrained build operations Thread 112" [_thread_blocked, id=28072, stack(0x000000686d500000,0x000000686d600000)]
  0x000001729c1d3b40 JavaThread "Unconstrained build operations Thread 113" [_thread_blocked, id=33760, stack(0x000000686d600000,0x000000686d700000)]
  0x000001729c1d5490 JavaThread "Unconstrained build operations Thread 114" [_thread_blocked, id=4404, stack(0x000000686d700000,0x000000686d800000)]
  0x000001729c1d4f80 JavaThread "Unconstrained build operations Thread 115" [_thread_blocked, id=16780, stack(0x000000686d800000,0x000000686d900000)]
  0x000001729c1d4050 JavaThread "Unconstrained build operations Thread 116" [_thread_blocked, id=25016, stack(0x000000686d900000,0x000000686da00000)]
  0x000001729c1d6de0 JavaThread "Unconstrained build operations Thread 117" [_thread_blocked, id=16108, stack(0x0000006864400000,0x0000006864500000)]
  0x000001729c1d7800 JavaThread "Unconstrained build operations Thread 118" [_thread_blocked, id=24412, stack(0x000000686da00000,0x000000686db00000)]
  0x000001729c1d7d10 JavaThread "Unconstrained build operations Thread 119" [_thread_blocked, id=3048, stack(0x000000686db00000,0x000000686dc00000)]
  0x000001729c1d4560 JavaThread "Unconstrained build operations Thread 120" [_thread_blocked, id=13680, stack(0x000000686dc00000,0x000000686dd00000)]

Other Threads:
  0x00000172fa341bc0 VMThread "VM Thread" [stack: 0x0000006860e00000,0x0000006860f00000] [id=12560]
  0x00000172dbd875d0 WatcherThread [stack: 0x0000006861a00000,0x0000006861b00000] [id=8124]
  0x00000172d9a0e800 GCTaskThread "GC Thread#0" [stack: 0x0000006860900000,0x0000006860a00000] [id=1520]
  0x000001729b07ee30 GCTaskThread "GC Thread#1" [stack: 0x0000006861c00000,0x0000006861d00000] [id=30640]
  0x00000172ff73f060 GCTaskThread "GC Thread#2" [stack: 0x0000006861d00000,0x0000006861e00000] [id=14084]
  0x000001729b1e0020 GCTaskThread "GC Thread#3" [stack: 0x0000006861e00000,0x0000006861f00000] [id=32604]
  0x000001729b14bc10 GCTaskThread "GC Thread#4" [stack: 0x0000006861b00000,0x0000006861c00000] [id=15224]
  0x000001729ce048b0 GCTaskThread "GC Thread#5" [stack: 0x0000006862900000,0x0000006862a00000] [id=19976]
  0x000001729ce05930 GCTaskThread "GC Thread#6" [stack: 0x0000006862a00000,0x0000006862b00000] [id=34048]
  0x000001729ce050f0 GCTaskThread "GC Thread#7" [stack: 0x0000006862b00000,0x0000006862c00000] [id=28972]
  0x000001729ce04b70 GCTaskThread "GC Thread#8" [stack: 0x0000006862c00000,0x0000006862d00000] [id=19224]
  0x000001729ce05bf0 GCTaskThread "GC Thread#9" [stack: 0x0000006862d00000,0x0000006862e00000] [id=11440]
  0x00000172dbd6f190 ConcurrentGCThread "G1 Main Marker" [stack: 0x0000006860a00000,0x0000006860b00000] [id=2544]
  0x00000172dbd70780 ConcurrentGCThread "G1 Conc#0" [stack: 0x0000006860b00000,0x0000006860c00000] [id=17900]
  0x000001729ce053b0 ConcurrentGCThread "G1 Conc#1" [stack: 0x0000006863500000,0x0000006863600000] [id=28320]
  0x000001729ce04e30 ConcurrentGCThread "G1 Conc#2" [stack: 0x0000006863600000,0x0000006863700000] [id=29436]
  0x00000172dbdbe110 ConcurrentGCThread "G1 Refine#0" [stack: 0x0000006860c00000,0x0000006860d00000] [id=12480]
  0x00000172fa6c78a0 ConcurrentGCThread "G1 Refine#1" [stack: 0x0000006863d00000,0x0000006863e00000] [id=28960]
  0x00000172fa1f9100 ConcurrentGCThread "G1 Service" [stack: 0x0000006860d00000,0x0000006860e00000] [id=5180]

Threads with active compile tasks:
C2 CompilerThread0   155281 14034       4       org.codehaus.groovy.reflection.stdclasses.CachedSAMClass$$Lambda$424/0x00000172813e0fd0::test (12 bytes)

VM state: not at safepoint (normal execution)

VM Mutex/Monitor currently owned by a thread: None

Heap address: 0x0000000080000000, size: 2048 MB, Compressed Oops mode: 32-bit

CDS archive(s) mapped at: [0x0000017280000000-0x0000017280bd0000-0x0000017280bd0000), size 12386304, SharedBaseAddress: 0x0000017280000000, ArchiveRelocationMode: 1.
Compressed class space mapped at: 0x0000017281000000-0x000001729b000000, reserved size: 436207616
Narrow klass base: 0x0000017280000000, Narrow klass shift: 0, Narrow klass range: 0x100000000

GC Precious Log:
 CPUs: 12 total, 12 available
 Memory: 7501M
 Large Page Support: Disabled
 NUMA Support: Disabled
 Compressed Oops: Enabled (32-bit)
 Heap Region Size: 1M
 Heap Min Capacity: 8M
 Heap Initial Capacity: 118M
 Heap Max Capacity: 2G
 Pre-touch: Disabled
 Parallel Workers: 10
 Concurrent Workers: 3
 Concurrent Refinement Workers: 10
 Periodic GC: Disabled

Heap:
 garbage-first heap   total 321536K, used 217284K [0x0000000080000000, 0x0000000100000000)
  region size 1024K, 27 young (27648K), 2 survivors (2048K)
 Metaspace       used 98408K, committed 99584K, reserved 557056K
  class space    used 13837K, committed 14336K, reserved 425984K

Heap Regions: E=young(eden), S=young(survivor), O=old, HS=humongous(starts), HC=humongous(continues), CS=collection set, F=free, OA=open archive, CA=closed archive, TAMS=top-at-mark-start (previous, next)
|   0|0x0000000080000000, 0x0000000080100000, 0x0000000080100000|100%|HS|  |TAMS 0x0000000080100000, 0x0000000080000000| Complete 
|   1|0x0000000080100000, 0x0000000080200000, 0x0000000080200000|100%|HC|  |TAMS 0x0000000080200000, 0x0000000080100000| Complete 
|   2|0x0000000080200000, 0x0000000080300000, 0x0000000080300000|100%|HC|  |TAMS 0x0000000080300000, 0x0000000080200000| Complete 
|   3|0x0000000080300000, 0x0000000080400000, 0x0000000080400000|100%|HC|  |TAMS 0x0000000080400000, 0x0000000080300000| Complete 
|   4|0x0000000080400000, 0x0000000080500000, 0x0000000080500000|100%| O|  |TAMS 0x0000000080500000, 0x0000000080400000| Untracked 
|   5|0x0000000080500000, 0x0000000080600000, 0x0000000080600000|100%| O|  |TAMS 0x0000000080600000, 0x0000000080500000| Untracked 
|   6|0x0000000080600000, 0x0000000080700000, 0x0000000080700000|100%| O|  |TAMS 0x0000000080700000, 0x0000000080600000| Untracked 
|   7|0x0000000080700000, 0x0000000080800000, 0x0000000080800000|100%| O|  |TAMS 0x0000000080800000, 0x0000000080700000| Untracked 
|   8|0x0000000080800000, 0x0000000080900000, 0x0000000080900000|100%| O|  |TAMS 0x0000000080900000, 0x0000000080800000| Untracked 
|   9|0x0000000080900000, 0x0000000080a00000, 0x0000000080a00000|100%| O|  |TAMS 0x0000000080a00000, 0x0000000080900000| Untracked 
|  10|0x0000000080a00000, 0x0000000080b00000, 0x0000000080b00000|100%| O|  |TAMS 0x0000000080b00000, 0x0000000080a00000| Untracked 
|  11|0x0000000080b00000, 0x0000000080c00000, 0x0000000080c00000|100%| O|  |TAMS 0x0000000080c00000, 0x0000000080b00000| Untracked 
|  12|0x0000000080c00000, 0x0000000080d00000, 0x0000000080d00000|100%| O|  |TAMS 0x0000000080d00000, 0x0000000080c00000| Untracked 
|  13|0x0000000080d00000, 0x0000000080e00000, 0x0000000080e00000|100%| O|  |TAMS 0x0000000080e00000, 0x0000000080d00000| Untracked 
|  14|0x0000000080e00000, 0x0000000080f00000, 0x0000000080f00000|100%| O|  |TAMS 0x0000000080f00000, 0x0000000080e00000| Untracked 
|  15|0x0000000080f00000, 0x0000000081000000, 0x0000000081000000|100%| O|  |TAMS 0x0000000081000000, 0x0000000080f00000| Untracked 
|  16|0x0000000081000000, 0x0000000081100000, 0x0000000081100000|100%| O|  |TAMS 0x0000000081100000, 0x0000000081000000| Untracked 
|  17|0x0000000081100000, 0x0000000081200000, 0x0000000081200000|100%| O|  |TAMS 0x0000000081200000, 0x0000000081100000| Untracked 
|  18|0x0000000081200000, 0x0000000081300000, 0x0000000081300000|100%| O|  |TAMS 0x0000000081300000, 0x0000000081200000| Untracked 
|  19|0x0000000081300000, 0x0000000081400000, 0x0000000081400000|100%| O|  |TAMS 0x0000000081400000, 0x0000000081300000| Untracked 
|  20|0x0000000081400000, 0x0000000081500000, 0x0000000081500000|100%| O|  |TAMS 0x0000000081500000, 0x0000000081400000| Untracked 
|  21|0x0000000081500000, 0x0000000081600000, 0x0000000081600000|100%| O|  |TAMS 0x0000000081600000, 0x0000000081500000| Untracked 
|  22|0x0000000081600000, 0x0000000081700000, 0x0000000081700000|100%| O|  |TAMS 0x0000000081700000, 0x0000000081600000| Untracked 
|  23|0x0000000081700000, 0x0000000081800000, 0x0000000081800000|100%| O|  |TAMS 0x0000000081800000, 0x0000000081700000| Untracked 
|  24|0x0000000081800000, 0x0000000081900000, 0x0000000081900000|100%| O|  |TAMS 0x0000000081900000, 0x0000000081800000| Untracked 
|  25|0x0000000081900000, 0x0000000081a00000, 0x0000000081a00000|100%| O|  |TAMS 0x0000000081a00000, 0x0000000081900000| Untracked 
|  26|0x0000000081a00000, 0x0000000081b00000, 0x0000000081b00000|100%| O|  |TAMS 0x0000000081b00000, 0x0000000081a00000| Untracked 
|  27|0x0000000081b00000, 0x0000000081c00000, 0x0000000081c00000|100%| O|  |TAMS 0x0000000081c00000, 0x0000000081b00000| Untracked 
|  28|0x0000000081c00000, 0x0000000081d00000, 0x0000000081d00000|100%| O|  |TAMS 0x0000000081d00000, 0x0000000081c00000| Untracked 
|  29|0x0000000081d00000, 0x0000000081e00000, 0x0000000081e00000|100%| O|  |TAMS 0x0000000081e00000, 0x0000000081d00000| Untracked 
|  30|0x0000000081e00000, 0x0000000081f00000, 0x0000000081f00000|100%| O|  |TAMS 0x0000000081f00000, 0x0000000081e00000| Untracked 
|  31|0x0000000081f00000, 0x0000000082000000, 0x0000000082000000|100%| O|  |TAMS 0x0000000082000000, 0x0000000081f00000| Untracked 
|  32|0x0000000082000000, 0x0000000082100000, 0x0000000082100000|100%| O|  |TAMS 0x0000000082100000, 0x0000000082000000| Untracked 
|  33|0x0000000082100000, 0x0000000082200000, 0x0000000082200000|100%| O|  |TAMS 0x0000000082200000, 0x0000000082100000| Untracked 
|  34|0x0000000082200000, 0x0000000082300000, 0x0000000082300000|100%| O|  |TAMS 0x0000000082300000, 0x0000000082200000| Untracked 
|  35|0x0000000082300000, 0x0000000082400000, 0x0000000082400000|100%| O|  |TAMS 0x0000000082400000, 0x0000000082300000| Untracked 
|  36|0x0000000082400000, 0x0000000082500000, 0x0000000082500000|100%| O|  |TAMS 0x0000000082500000, 0x0000000082400000| Untracked 
|  37|0x0000000082500000, 0x0000000082600000, 0x0000000082600000|100%| O|  |TAMS 0x0000000082600000, 0x0000000082500000| Untracked 
|  38|0x0000000082600000, 0x0000000082700000, 0x0000000082700000|100%| O|  |TAMS 0x0000000082700000, 0x0000000082600000| Untracked 
|  39|0x0000000082700000, 0x0000000082800000, 0x0000000082800000|100%| O|  |TAMS 0x0000000082800000, 0x0000000082700000| Untracked 
|  40|0x0000000082800000, 0x0000000082900000, 0x0000000082900000|100%| O|  |TAMS 0x0000000082900000, 0x0000000082800000| Untracked 
|  41|0x0000000082900000, 0x0000000082a00000, 0x0000000082a00000|100%|HS|  |TAMS 0x0000000082a00000, 0x0000000082900000| Complete 
|  42|0x0000000082a00000, 0x0000000082b00000, 0x0000000082b00000|100%|HC|  |TAMS 0x0000000082b00000, 0x0000000082a00000| Complete 
|  43|0x0000000082b00000, 0x0000000082c00000, 0x0000000082c00000|100%|HS|  |TAMS 0x0000000082c00000, 0x0000000082b00000| Complete 
|  44|0x0000000082c00000, 0x0000000082d00000, 0x0000000082d00000|100%|HC|  |TAMS 0x0000000082d00000, 0x0000000082c00000| Complete 
|  45|0x0000000082d00000, 0x0000000082e00000, 0x0000000082e00000|100%|HS|  |TAMS 0x0000000082e00000, 0x0000000082d00000| Complete 
|  46|0x0000000082e00000, 0x0000000082f00000, 0x0000000082f00000|100%|HC|  |TAMS 0x0000000082f00000, 0x0000000082e00000| Complete 
|  47|0x0000000082f00000, 0x0000000083000000, 0x0000000083000000|100%|HC|  |TAMS 0x0000000083000000, 0x0000000082f00000| Complete 
|  48|0x0000000083000000, 0x0000000083100000, 0x0000000083100000|100%|HC|  |TAMS 0x0000000083100000, 0x0000000083000000| Complete 
|  49|0x0000000083100000, 0x0000000083200000, 0x0000000083200000|100%| O|  |TAMS 0x0000000083200000, 0x0000000083100000| Untracked 
|  50|0x0000000083200000, 0x0000000083300000, 0x0000000083300000|100%| O|  |TAMS 0x0000000083300000, 0x0000000083200000| Untracked 
|  51|0x0000000083300000, 0x0000000083400000, 0x0000000083400000|100%| O|  |TAMS 0x0000000083400000, 0x0000000083300000| Untracked 
|  52|0x0000000083400000, 0x0000000083500000, 0x0000000083500000|100%| O|  |TAMS 0x0000000083500000, 0x0000000083400000| Untracked 
|  53|0x0000000083500000, 0x0000000083600000, 0x0000000083600000|100%| O|  |TAMS 0x0000000083600000, 0x0000000083500000| Untracked 
|  54|0x0000000083600000, 0x0000000083700000, 0x0000000083700000|100%| O|  |TAMS 0x0000000083700000, 0x0000000083600000| Untracked 
|  55|0x0000000083700000, 0x0000000083800000, 0x0000000083800000|100%| O|  |TAMS 0x0000000083800000, 0x0000000083700000| Untracked 
|  56|0x0000000083800000, 0x0000000083900000, 0x0000000083900000|100%| O|  |TAMS 0x0000000083900000, 0x0000000083800000| Untracked 
|  57|0x0000000083900000, 0x0000000083a00000, 0x0000000083a00000|100%|HS|  |TAMS 0x0000000083a00000, 0x0000000083900000| Complete 
|  58|0x0000000083a00000, 0x0000000083b00000, 0x0000000083b00000|100%|HC|  |TAMS 0x0000000083b00000, 0x0000000083a00000| Complete 
|  59|0x0000000083b00000, 0x0000000083c00000, 0x0000000083c00000|100%|HC|  |TAMS 0x0000000083c00000, 0x0000000083b00000| Complete 
|  60|0x0000000083c00000, 0x0000000083d00000, 0x0000000083d00000|100%|HC|  |TAMS 0x0000000083d00000, 0x0000000083c00000| Complete 
|  61|0x0000000083d00000, 0x0000000083e00000, 0x0000000083e00000|100%| O|  |TAMS 0x0000000083e00000, 0x0000000083d00000| Untracked 
|  62|0x0000000083e00000, 0x0000000083f00000, 0x0000000083f00000|100%| O|  |TAMS 0x0000000083f00000, 0x0000000083e00000| Untracked 
|  63|0x0000000083f00000, 0x0000000084000000, 0x0000000084000000|100%| O|  |TAMS 0x0000000084000000, 0x0000000083f00000| Untracked 
|  64|0x0000000084000000, 0x0000000084100000, 0x0000000084100000|100%| O|  |TAMS 0x0000000084100000, 0x0000000084000000| Untracked 
|  65|0x0000000084100000, 0x0000000084200000, 0x0000000084200000|100%| O|  |TAMS 0x0000000084200000, 0x0000000084100000| Untracked 
|  66|0x0000000084200000, 0x0000000084300000, 0x0000000084300000|100%| O|  |TAMS 0x0000000084300000, 0x0000000084200000| Untracked 
|  67|0x0000000084300000, 0x0000000084400000, 0x0000000084400000|100%| O|  |TAMS 0x0000000084400000, 0x0000000084300000| Untracked 
|  68|0x0000000084400000, 0x0000000084500000, 0x0000000084500000|100%| O|  |TAMS 0x0000000084500000, 0x0000000084400000| Untracked 
|  69|0x0000000084500000, 0x0000000084600000, 0x0000000084600000|100%|HS|  |TAMS 0x0000000084600000, 0x0000000084500000| Complete 
|  70|0x0000000084600000, 0x0000000084700000, 0x0000000084700000|100%|HS|  |TAMS 0x0000000084700000, 0x0000000084600000| Complete 
|  71|0x0000000084700000, 0x0000000084800000, 0x0000000084800000|100%|HS|  |TAMS 0x0000000084800000, 0x0000000084700000| Complete 
|  72|0x0000000084800000, 0x0000000084900000, 0x0000000084900000|100%|HS|  |TAMS 0x0000000084900000, 0x0000000084800000| Complete 
|  73|0x0000000084900000, 0x0000000084a00000, 0x0000000084a00000|100%| O|  |TAMS 0x0000000084a00000, 0x0000000084900000| Untracked 
|  74|0x0000000084a00000, 0x0000000084b00000, 0x0000000084b00000|100%|HS|  |TAMS 0x0000000084b00000, 0x0000000084a00000| Complete 
|  75|0x0000000084b00000, 0x0000000084c00000, 0x0000000084c00000|100%|HS|  |TAMS 0x0000000084c00000, 0x0000000084b00000| Complete 
|  76|0x0000000084c00000, 0x0000000084d00000, 0x0000000084d00000|100%| O|  |TAMS 0x0000000084d00000, 0x0000000084c00000| Untracked 
|  77|0x0000000084d00000, 0x0000000084d00000, 0x0000000084e00000|  0%| F|  |TAMS 0x0000000084d00000, 0x0000000084d00000| Untracked 
|  78|0x0000000084e00000, 0x0000000084f00000, 0x0000000084f00000|100%|HS|  |TAMS 0x0000000084f00000, 0x0000000084e00000| Complete 
|  79|0x0000000084f00000, 0x0000000084f00000, 0x0000000085000000|  0%| F|  |TAMS 0x0000000084f00000, 0x0000000084f00000| Untracked 
|  80|0x0000000085000000, 0x0000000085100000, 0x0000000085100000|100%| O|  |TAMS 0x0000000085100000, 0x0000000085000000| Untracked 
|  81|0x0000000085100000, 0x0000000085200000, 0x0000000085200000|100%| O|  |TAMS 0x0000000085200000, 0x0000000085100000| Untracked 
|  82|0x0000000085200000, 0x0000000085300000, 0x0000000085300000|100%| O|  |TAMS 0x0000000085300000, 0x0000000085200000| Untracked 
|  83|0x0000000085300000, 0x0000000085400000, 0x0000000085400000|100%| O|  |TAMS 0x0000000085400000, 0x0000000085300000| Untracked 
|  84|0x0000000085400000, 0x0000000085500000, 0x0000000085500000|100%| O|  |TAMS 0x0000000085500000, 0x0000000085400000| Untracked 
|  85|0x0000000085500000, 0x0000000085600000, 0x0000000085600000|100%| O|  |TAMS 0x0000000085600000, 0x0000000085500000| Untracked 
|  86|0x0000000085600000, 0x0000000085700000, 0x0000000085700000|100%| O|  |TAMS 0x0000000085700000, 0x0000000085600000| Untracked 
|  87|0x0000000085700000, 0x0000000085800000, 0x0000000085800000|100%|HS|  |TAMS 0x0000000085800000, 0x0000000085700000| Complete 
|  88|0x0000000085800000, 0x0000000085900000, 0x0000000085900000|100%| O|  |TAMS 0x0000000085900000, 0x0000000085800000| Untracked 
|  89|0x0000000085900000, 0x0000000085a00000, 0x0000000085a00000|100%| O|  |TAMS 0x0000000085a00000, 0x0000000085900000| Untracked 
|  90|0x0000000085a00000, 0x0000000085b00000, 0x0000000085b00000|100%| O|  |TAMS 0x0000000085b00000, 0x0000000085a00000| Untracked 
|  91|0x0000000085b00000, 0x0000000085c00000, 0x0000000085c00000|100%| O|  |TAMS 0x0000000085c00000, 0x0000000085b00000| Untracked 
|  92|0x0000000085c00000, 0x0000000085d00000, 0x0000000085d00000|100%|HS|  |TAMS 0x0000000085d00000, 0x0000000085c00000| Complete 
|  93|0x0000000085d00000, 0x0000000085e00000, 0x0000000085e00000|100%| O|  |TAMS 0x0000000085e00000, 0x0000000085d00000| Untracked 
|  94|0x0000000085e00000, 0x0000000085f00000, 0x0000000085f00000|100%| O|  |TAMS 0x0000000085f00000, 0x0000000085e00000| Untracked 
|  95|0x0000000085f00000, 0x0000000086000000, 0x0000000086000000|100%| O|  |TAMS 0x0000000086000000, 0x0000000085f00000| Untracked 
|  96|0x0000000086000000, 0x0000000086100000, 0x0000000086100000|100%| O|  |TAMS 0x0000000086100000, 0x0000000086000000| Untracked 
|  97|0x0000000086100000, 0x0000000086200000, 0x0000000086200000|100%| O|  |TAMS 0x0000000086200000, 0x0000000086100000| Untracked 
|  98|0x0000000086200000, 0x0000000086300000, 0x0000000086300000|100%| O|  |TAMS 0x0000000086300000, 0x0000000086200000| Untracked 
|  99|0x0000000086300000, 0x0000000086400000, 0x0000000086400000|100%| O|  |TAMS 0x0000000086400000, 0x0000000086300000| Untracked 
| 100|0x0000000086400000, 0x0000000086500000, 0x0000000086500000|100%| O|  |TAMS 0x0000000086500000, 0x0000000086400000| Untracked 
| 101|0x0000000086500000, 0x0000000086600000, 0x0000000086600000|100%| O|  |TAMS 0x0000000086600000, 0x0000000086500000| Untracked 
| 102|0x0000000086600000, 0x0000000086700000, 0x0000000086700000|100%| O|  |TAMS 0x0000000086700000, 0x0000000086600000| Untracked 
| 103|0x0000000086700000, 0x0000000086800000, 0x0000000086800000|100%| O|  |TAMS 0x0000000086800000, 0x0000000086700000| Untracked 
| 104|0x0000000086800000, 0x0000000086900000, 0x0000000086900000|100%| O|  |TAMS 0x0000000086900000, 0x0000000086800000| Untracked 
| 105|0x0000000086900000, 0x0000000086a00000, 0x0000000086a00000|100%| O|  |TAMS 0x0000000086a00000, 0x0000000086900000| Untracked 
| 106|0x0000000086a00000, 0x0000000086b00000, 0x0000000086b00000|100%|HS|  |TAMS 0x0000000086b00000, 0x0000000086a00000| Complete 
| 107|0x0000000086b00000, 0x0000000086c00000, 0x0000000086c00000|100%| O|  |TAMS 0x0000000086c00000, 0x0000000086b00000| Untracked 
| 108|0x0000000086c00000, 0x0000000086d00000, 0x0000000086d00000|100%|HS|  |TAMS 0x0000000086d00000, 0x0000000086c00000| Complete 
| 109|0x0000000086d00000, 0x0000000086e00000, 0x0000000086e00000|100%|HC|  |TAMS 0x0000000086e00000, 0x0000000086d00000| Complete 
| 110|0x0000000086e00000, 0x0000000086f00000, 0x0000000086f00000|100%|HS|  |TAMS 0x0000000086f00000, 0x0000000086e00000| Complete 
| 111|0x0000000086f00000, 0x0000000087000000, 0x0000000087000000|100%|HC|  |TAMS 0x0000000087000000, 0x0000000086f00000| Complete 
| 112|0x0000000087000000, 0x0000000087100000, 0x0000000087100000|100%|HC|  |TAMS 0x0000000087100000, 0x0000000087000000| Complete 
| 113|0x0000000087100000, 0x0000000087200000, 0x0000000087200000|100%|HC|  |TAMS 0x0000000087200000, 0x0000000087100000| Complete 
| 114|0x0000000087200000, 0x0000000087300000, 0x0000000087300000|100%| O|  |TAMS 0x0000000087300000, 0x0000000087200000| Untracked 
| 115|0x0000000087300000, 0x0000000087400000, 0x0000000087400000|100%| O|  |TAMS 0x0000000087400000, 0x0000000087300000| Untracked 
| 116|0x0000000087400000, 0x0000000087500000, 0x0000000087500000|100%| O|  |TAMS 0x0000000087500000, 0x0000000087400000| Untracked 
| 117|0x0000000087500000, 0x0000000087600000, 0x0000000087600000|100%| O|  |TAMS 0x0000000087600000, 0x0000000087500000| Untracked 
| 118|0x0000000087600000, 0x0000000087700000, 0x0000000087700000|100%| O|  |TAMS 0x0000000087700000, 0x0000000087600000| Untracked 
| 119|0x0000000087700000, 0x0000000087800000, 0x0000000087800000|100%| O|  |TAMS 0x0000000087800000, 0x0000000087700000| Untracked 
| 120|0x0000000087800000, 0x0000000087900000, 0x0000000087900000|100%| O|  |TAMS 0x0000000087900000, 0x0000000087800000| Untracked 
| 121|0x0000000087900000, 0x0000000087a00000, 0x0000000087a00000|100%| O|  |TAMS 0x0000000087a00000, 0x0000000087900000| Untracked 
| 122|0x0000000087a00000, 0x0000000087a00000, 0x0000000087b00000|  0%| F|  |TAMS 0x0000000087a00000, 0x0000000087a00000| Untracked 
| 123|0x0000000087b00000, 0x0000000087c00000, 0x0000000087c00000|100%| O|  |TAMS 0x0000000087c00000, 0x0000000087b00000| Untracked 
| 124|0x0000000087c00000, 0x0000000087d00000, 0x0000000087d00000|100%| O|  |TAMS 0x0000000087d00000, 0x0000000087c00000| Untracked 
| 125|0x0000000087d00000, 0x0000000087e00000, 0x0000000087e00000|100%| O|  |TAMS 0x0000000087e00000, 0x0000000087d00000| Untracked 
| 126|0x0000000087e00000, 0x0000000087e00000, 0x0000000087f00000|  0%| F|  |TAMS 0x0000000087e00000, 0x0000000087e00000| Untracked 
| 127|0x0000000087f00000, 0x0000000087f00000, 0x0000000088000000|  0%| F|  |TAMS 0x0000000087f00000, 0x0000000087f00000| Untracked 
| 128|0x0000000088000000, 0x0000000088000000, 0x0000000088100000|  0%| F|  |TAMS 0x0000000088000000, 0x0000000088000000| Untracked 
| 129|0x0000000088100000, 0x0000000088200000, 0x0000000088200000|100%| O|  |TAMS 0x0000000088200000, 0x0000000088100000| Untracked 
| 130|0x0000000088200000, 0x0000000088300000, 0x0000000088300000|100%|HS|  |TAMS 0x0000000088300000, 0x0000000088200000| Complete 
| 131|0x0000000088300000, 0x0000000088400000, 0x0000000088400000|100%|HC|  |TAMS 0x0000000088400000, 0x0000000088300000| Complete 
| 132|0x0000000088400000, 0x0000000088500000, 0x0000000088500000|100%|HC|  |TAMS 0x0000000088500000, 0x0000000088400000| Complete 
| 133|0x0000000088500000, 0x0000000088600000, 0x0000000088600000|100%|HS|  |TAMS 0x0000000088600000, 0x0000000088500000| Complete 
| 134|0x0000000088600000, 0x0000000088700000, 0x0000000088700000|100%|HC|  |TAMS 0x0000000088700000, 0x0000000088600000| Complete 
| 135|0x0000000088700000, 0x0000000088800000, 0x0000000088800000|100%| O|  |TAMS 0x0000000088800000, 0x0000000088700000| Untracked 
| 136|0x0000000088800000, 0x0000000088900000, 0x0000000088900000|100%| O|  |TAMS 0x0000000088900000, 0x0000000088800000| Untracked 
| 137|0x0000000088900000, 0x0000000088a00000, 0x0000000088a00000|100%| O|  |TAMS 0x0000000088a00000, 0x0000000088900000| Untracked 
| 138|0x0000000088a00000, 0x0000000088b00000, 0x0000000088b00000|100%| O|  |TAMS 0x0000000088b00000, 0x0000000088a00000| Untracked 
| 139|0x0000000088b00000, 0x0000000088c00000, 0x0000000088c00000|100%| O|  |TAMS 0x0000000088c00000, 0x0000000088b00000| Untracked 
| 140|0x0000000088c00000, 0x0000000088d00000, 0x0000000088d00000|100%| O|  |TAMS 0x0000000088d00000, 0x0000000088c00000| Untracked 
| 141|0x0000000088d00000, 0x0000000088e00000, 0x0000000088e00000|100%| O|  |TAMS 0x0000000088e00000, 0x0000000088d00000| Untracked 
| 142|0x0000000088e00000, 0x0000000088f00000, 0x0000000088f00000|100%| O|  |TAMS 0x0000000088f00000, 0x0000000088e00000| Untracked 
| 143|0x0000000088f00000, 0x0000000089000000, 0x0000000089000000|100%| O|  |TAMS 0x0000000089000000, 0x0000000088f00000| Untracked 
| 144|0x0000000089000000, 0x0000000089100000, 0x0000000089100000|100%| O|  |TAMS 0x0000000089100000, 0x0000000089000000| Untracked 
| 145|0x0000000089100000, 0x0000000089200000, 0x0000000089200000|100%| O|  |TAMS 0x0000000089200000, 0x0000000089100000| Untracked 
| 146|0x0000000089200000, 0x0000000089300000, 0x0000000089300000|100%| O|  |TAMS 0x0000000089300000, 0x0000000089200000| Untracked 
| 147|0x0000000089300000, 0x0000000089400000, 0x0000000089400000|100%| O|  |TAMS 0x0000000089400000, 0x0000000089300000| Untracked 
| 148|0x0000000089400000, 0x0000000089500000, 0x0000000089500000|100%| O|  |TAMS 0x0000000089500000, 0x0000000089400000| Untracked 
| 149|0x0000000089500000, 0x0000000089600000, 0x0000000089600000|100%| O|  |TAMS 0x0000000089600000, 0x0000000089500000| Untracked 
| 150|0x0000000089600000, 0x0000000089700000, 0x0000000089700000|100%| O|  |TAMS 0x0000000089700000, 0x0000000089600000| Untracked 
| 151|0x0000000089700000, 0x0000000089800000, 0x0000000089800000|100%| O|  |TAMS 0x0000000089800000, 0x0000000089700000| Untracked 
| 152|0x0000000089800000, 0x0000000089900000, 0x0000000089900000|100%| O|  |TAMS 0x0000000089900000, 0x0000000089800000| Untracked 
| 153|0x0000000089900000, 0x0000000089a00000, 0x0000000089a00000|100%| O|  |TAMS 0x0000000089a00000, 0x0000000089900000| Untracked 
| 154|0x0000000089a00000, 0x0000000089b00000, 0x0000000089b00000|100%| O|  |TAMS 0x0000000089b00000, 0x0000000089a00000| Untracked 
| 155|0x0000000089b00000, 0x0000000089c00000, 0x0000000089c00000|100%| O|  |TAMS 0x0000000089c00000, 0x0000000089b00000| Untracked 
| 156|0x0000000089c00000, 0x0000000089d00000, 0x0000000089d00000|100%| O|  |TAMS 0x0000000089d00000, 0x0000000089c00000| Untracked 
| 157|0x0000000089d00000, 0x0000000089e00000, 0x0000000089e00000|100%|HS|  |TAMS 0x0000000089e00000, 0x0000000089d00000| Complete 
| 158|0x0000000089e00000, 0x0000000089f00000, 0x0000000089f00000|100%|HS|  |TAMS 0x0000000089f00000, 0x0000000089e00000| Complete 
| 159|0x0000000089f00000, 0x000000008a000000, 0x000000008a000000|100%| O|  |TAMS 0x000000008a000000, 0x0000000089f00000| Untracked 
| 160|0x000000008a000000, 0x000000008a100000, 0x000000008a100000|100%| O|  |TAMS 0x000000008a100000, 0x000000008a000000| Untracked 
| 161|0x000000008a100000, 0x000000008a100000, 0x000000008a200000|  0%| F|  |TAMS 0x000000008a100000, 0x000000008a100000| Untracked 
| 162|0x000000008a200000, 0x000000008a300000, 0x000000008a300000|100%|HS|  |TAMS 0x000000008a300000, 0x000000008a200000| Complete 
| 163|0x000000008a300000, 0x000000008a400000, 0x000000008a400000|100%|HC|  |TAMS 0x000000008a400000, 0x000000008a300000| Complete 
| 164|0x000000008a400000, 0x000000008a500000, 0x000000008a500000|100%| O|  |TAMS 0x000000008a500000, 0x000000008a400000| Untracked 
| 165|0x000000008a500000, 0x000000008a600000, 0x000000008a600000|100%| O|  |TAMS 0x000000008a600000, 0x000000008a500000| Untracked 
| 166|0x000000008a600000, 0x000000008a700000, 0x000000008a700000|100%| O|  |TAMS 0x000000008a700000, 0x000000008a600000| Untracked 
| 167|0x000000008a700000, 0x000000008a800000, 0x000000008a800000|100%| O|  |TAMS 0x000000008a800000, 0x000000008a700000| Untracked 
| 168|0x000000008a800000, 0x000000008a900000, 0x000000008a900000|100%| O|  |TAMS 0x000000008a900000, 0x000000008a800000| Untracked 
| 169|0x000000008a900000, 0x000000008aa00000, 0x000000008aa00000|100%| O|  |TAMS 0x000000008aa00000, 0x000000008a900000| Untracked 
| 170|0x000000008aa00000, 0x000000008aa00000, 0x000000008ab00000|  0%| F|  |TAMS 0x000000008aa00000, 0x000000008aa00000| Untracked 
| 171|0x000000008ab00000, 0x000000008ac00000, 0x000000008ac00000|100%| O|  |TAMS 0x000000008ac00000, 0x000000008ab00000| Untracked 
| 172|0x000000008ac00000, 0x000000008ad00000, 0x000000008ad00000|100%| O|  |TAMS 0x000000008ad00000, 0x000000008ac00000| Untracked 
| 173|0x000000008ad00000, 0x000000008ae00000, 0x000000008ae00000|100%| O|  |TAMS 0x000000008ae00000, 0x000000008ad00000| Untracked 
| 174|0x000000008ae00000, 0x000000008af00000, 0x000000008af00000|100%| O|  |TAMS 0x000000008af00000, 0x000000008ae00000| Untracked 
| 175|0x000000008af00000, 0x000000008b000000, 0x000000008b000000|100%| O|  |TAMS 0x000000008b000000, 0x000000008af00000| Untracked 
| 176|0x000000008b000000, 0x000000008b100000, 0x000000008b100000|100%| O|  |TAMS 0x000000008b100000, 0x000000008b000000| Untracked 
| 177|0x000000008b100000, 0x000000008b200000, 0x000000008b200000|100%| O|  |TAMS 0x000000008b200000, 0x000000008b100000| Untracked 
| 178|0x000000008b200000, 0x000000008b300000, 0x000000008b300000|100%| O|  |TAMS 0x000000008b300000, 0x000000008b200000| Untracked 
| 179|0x000000008b300000, 0x000000008b400000, 0x000000008b400000|100%| O|  |TAMS 0x000000008b400000, 0x000000008b300000| Untracked 
| 180|0x000000008b400000, 0x000000008b500000, 0x000000008b500000|100%| O|  |TAMS 0x000000008b417600, 0x000000008b400000| Untracked 
| 181|0x000000008b500000, 0x000000008b600000, 0x000000008b600000|100%| O|  |TAMS 0x000000008b500000, 0x000000008b500000| Untracked 
| 182|0x000000008b600000, 0x000000008b700000, 0x000000008b700000|100%| O|  |TAMS 0x000000008b600000, 0x000000008b600000| Untracked 
| 183|0x000000008b700000, 0x000000008b800000, 0x000000008b800000|100%| O|  |TAMS 0x000000008b700000, 0x000000008b700000| Untracked 
| 184|0x000000008b800000, 0x000000008b900000, 0x000000008b900000|100%|HS|  |TAMS 0x000000008b800000, 0x000000008b800000| Complete 
| 185|0x000000008b900000, 0x000000008ba00000, 0x000000008ba00000|100%|HS|  |TAMS 0x000000008b900000, 0x000000008b900000| Complete 
| 186|0x000000008ba00000, 0x000000008ba00000, 0x000000008bb00000|  0%| F|  |TAMS 0x000000008ba00000, 0x000000008ba00000| Untracked 
| 187|0x000000008bb00000, 0x000000008bc00000, 0x000000008bc00000|100%| O|  |TAMS 0x000000008bb00000, 0x000000008bb00000| Untracked 
| 188|0x000000008bc00000, 0x000000008bd00000, 0x000000008bd00000|100%| O|  |TAMS 0x000000008bc00000, 0x000000008bc00000| Untracked 
| 189|0x000000008bd00000, 0x000000008be00000, 0x000000008be00000|100%| O|  |TAMS 0x000000008bd00000, 0x000000008bd00000| Untracked 
| 190|0x000000008be00000, 0x000000008bf00000, 0x000000008bf00000|100%| O|  |TAMS 0x000000008be00000, 0x000000008be00000| Untracked 
| 191|0x000000008bf00000, 0x000000008c000000, 0x000000008c000000|100%| O|  |TAMS 0x000000008bf00000, 0x000000008bf00000| Untracked 
| 192|0x000000008c000000, 0x000000008c100000, 0x000000008c100000|100%| O|  |TAMS 0x000000008c000000, 0x000000008c000000| Untracked 
| 193|0x000000008c100000, 0x000000008c200000, 0x000000008c200000|100%| O|  |TAMS 0x000000008c100000, 0x000000008c100000| Untracked 
| 194|0x000000008c200000, 0x000000008c300000, 0x000000008c300000|100%| O|  |TAMS 0x000000008c200000, 0x000000008c200000| Untracked 
| 195|0x000000008c300000, 0x000000008c331000, 0x000000008c400000| 19%| O|  |TAMS 0x000000008c300000, 0x000000008c300000| Untracked 
| 196|0x000000008c400000, 0x000000008c400000, 0x000000008c500000|  0%| F|  |TAMS 0x000000008c400000, 0x000000008c400000| Untracked 
| 197|0x000000008c500000, 0x000000008c500000, 0x000000008c600000|  0%| F|  |TAMS 0x000000008c500000, 0x000000008c500000| Untracked 
| 198|0x000000008c600000, 0x000000008c600000, 0x000000008c700000|  0%| F|  |TAMS 0x000000008c600000, 0x000000008c600000| Untracked 
| 199|0x000000008c700000, 0x000000008c700000, 0x000000008c800000|  0%| F|  |TAMS 0x000000008c700000, 0x000000008c700000| Untracked 
| 200|0x000000008c800000, 0x000000008c800000, 0x000000008c900000|  0%| F|  |TAMS 0x000000008c800000, 0x000000008c800000| Untracked 
| 201|0x000000008c900000, 0x000000008c900000, 0x000000008ca00000|  0%| F|  |TAMS 0x000000008c900000, 0x000000008c900000| Untracked 
| 202|0x000000008ca00000, 0x000000008ca00000, 0x000000008cb00000|  0%| F|  |TAMS 0x000000008ca00000, 0x000000008ca00000| Untracked 
| 203|0x000000008cb00000, 0x000000008cb00000, 0x000000008cc00000|  0%| F|  |TAMS 0x000000008cb00000, 0x000000008cb00000| Untracked 
| 204|0x000000008cc00000, 0x000000008cc00000, 0x000000008cd00000|  0%| F|  |TAMS 0x000000008cc00000, 0x000000008cc00000| Untracked 
| 205|0x000000008cd00000, 0x000000008cd00000, 0x000000008ce00000|  0%| F|  |TAMS 0x000000008cd00000, 0x000000008cd00000| Untracked 
| 206|0x000000008ce00000, 0x000000008ce00000, 0x000000008cf00000|  0%| F|  |TAMS 0x000000008ce00000, 0x000000008ce00000| Untracked 
| 207|0x000000008cf00000, 0x000000008cf00000, 0x000000008d000000|  0%| F|  |TAMS 0x000000008cf00000, 0x000000008cf00000| Untracked 
| 208|0x000000008d000000, 0x000000008d000000, 0x000000008d100000|  0%| F|  |TAMS 0x000000008d000000, 0x000000008d000000| Untracked 
| 209|0x000000008d100000, 0x000000008d100000, 0x000000008d200000|  0%| F|  |TAMS 0x000000008d100000, 0x000000008d100000| Untracked 
| 210|0x000000008d200000, 0x000000008d200000, 0x000000008d300000|  0%| F|  |TAMS 0x000000008d200000, 0x000000008d200000| Untracked 
| 211|0x000000008d300000, 0x000000008d300000, 0x000000008d400000|  0%| F|  |TAMS 0x000000008d300000, 0x000000008d300000| Untracked 
| 212|0x000000008d400000, 0x000000008d400000, 0x000000008d500000|  0%| F|  |TAMS 0x000000008d400000, 0x000000008d400000| Untracked 
| 213|0x000000008d500000, 0x000000008d500000, 0x000000008d600000|  0%| F|  |TAMS 0x000000008d500000, 0x000000008d500000| Untracked 
| 214|0x000000008d600000, 0x000000008d600000, 0x000000008d700000|  0%| F|  |TAMS 0x000000008d600000, 0x000000008d600000| Untracked 
| 215|0x000000008d700000, 0x000000008d700000, 0x000000008d800000|  0%| F|  |TAMS 0x000000008d700000, 0x000000008d700000| Untracked 
| 216|0x000000008d800000, 0x000000008d800000, 0x000000008d900000|  0%| F|  |TAMS 0x000000008d800000, 0x000000008d800000| Untracked 
| 217|0x000000008d900000, 0x000000008d900000, 0x000000008da00000|  0%| F|  |TAMS 0x000000008d900000, 0x000000008d900000| Untracked 
| 218|0x000000008da00000, 0x000000008da00000, 0x000000008db00000|  0%| F|  |TAMS 0x000000008da00000, 0x000000008da00000| Untracked 
| 219|0x000000008db00000, 0x000000008db00000, 0x000000008dc00000|  0%| F|  |TAMS 0x000000008db00000, 0x000000008db00000| Untracked 
| 220|0x000000008dc00000, 0x000000008dc00000, 0x000000008dd00000|  0%| F|  |TAMS 0x000000008dc00000, 0x000000008dc00000| Untracked 
| 221|0x000000008dd00000, 0x000000008dd00000, 0x000000008de00000|  0%| F|  |TAMS 0x000000008dd00000, 0x000000008dd00000| Untracked 
| 222|0x000000008de00000, 0x000000008de00000, 0x000000008df00000|  0%| F|  |TAMS 0x000000008de00000, 0x000000008de00000| Untracked 
| 223|0x000000008df00000, 0x000000008df00000, 0x000000008e000000|  0%| F|  |TAMS 0x000000008df00000, 0x000000008df00000| Untracked 
| 224|0x000000008e000000, 0x000000008e000000, 0x000000008e100000|  0%| F|  |TAMS 0x000000008e000000, 0x000000008e000000| Untracked 
| 225|0x000000008e100000, 0x000000008e100000, 0x000000008e200000|  0%| F|  |TAMS 0x000000008e100000, 0x000000008e100000| Untracked 
| 226|0x000000008e200000, 0x000000008e200000, 0x000000008e300000|  0%| F|  |TAMS 0x000000008e200000, 0x000000008e200000| Untracked 
| 227|0x000000008e300000, 0x000000008e300000, 0x000000008e400000|  0%| F|  |TAMS 0x000000008e300000, 0x000000008e300000| Untracked 
| 228|0x000000008e400000, 0x000000008e400000, 0x000000008e500000|  0%| F|  |TAMS 0x000000008e400000, 0x000000008e400000| Untracked 
| 229|0x000000008e500000, 0x000000008e500000, 0x000000008e600000|  0%| F|  |TAMS 0x000000008e500000, 0x000000008e500000| Untracked 
| 230|0x000000008e600000, 0x000000008e600000, 0x000000008e700000|  0%| F|  |TAMS 0x000000008e600000, 0x000000008e600000| Untracked 
| 231|0x000000008e700000, 0x000000008e700000, 0x000000008e800000|  0%| F|  |TAMS 0x000000008e700000, 0x000000008e700000| Untracked 
| 232|0x000000008e800000, 0x000000008e800000, 0x000000008e900000|  0%| F|  |TAMS 0x000000008e800000, 0x000000008e800000| Untracked 
| 233|0x000000008e900000, 0x000000008e900000, 0x000000008ea00000|  0%| F|  |TAMS 0x000000008e900000, 0x000000008e900000| Untracked 
| 234|0x000000008ea00000, 0x000000008ea00000, 0x000000008eb00000|  0%| F|  |TAMS 0x000000008ea00000, 0x000000008ea00000| Untracked 
| 235|0x000000008eb00000, 0x000000008eb00000, 0x000000008ec00000|  0%| F|  |TAMS 0x000000008eb00000, 0x000000008eb00000| Untracked 
| 236|0x000000008ec00000, 0x000000008ec00000, 0x000000008ed00000|  0%| F|  |TAMS 0x000000008ec00000, 0x000000008ec00000| Untracked 
| 237|0x000000008ed00000, 0x000000008ed00000, 0x000000008ee00000|  0%| F|  |TAMS 0x000000008ed00000, 0x000000008ed00000| Untracked 
| 238|0x000000008ee00000, 0x000000008ee00000, 0x000000008ef00000|  0%| F|  |TAMS 0x000000008ee00000, 0x000000008ee00000| Untracked 
| 239|0x000000008ef00000, 0x000000008ef00000, 0x000000008f000000|  0%| F|  |TAMS 0x000000008ef00000, 0x000000008ef00000| Untracked 
| 240|0x000000008f000000, 0x000000008f000000, 0x000000008f100000|  0%| F|  |TAMS 0x000000008f000000, 0x000000008f000000| Untracked 
| 241|0x000000008f100000, 0x000000008f100000, 0x000000008f200000|  0%| F|  |TAMS 0x000000008f100000, 0x000000008f100000| Untracked 
| 242|0x000000008f200000, 0x000000008f200000, 0x000000008f300000|  0%| F|  |TAMS 0x000000008f200000, 0x000000008f200000| Untracked 
| 243|0x000000008f300000, 0x000000008f300000, 0x000000008f400000|  0%| F|  |TAMS 0x000000008f300000, 0x000000008f300000| Untracked 
| 244|0x000000008f400000, 0x000000008f400000, 0x000000008f500000|  0%| F|  |TAMS 0x000000008f400000, 0x000000008f400000| Untracked 
| 245|0x000000008f500000, 0x000000008f500000, 0x000000008f600000|  0%| F|  |TAMS 0x000000008f500000, 0x000000008f500000| Untracked 
| 246|0x000000008f600000, 0x000000008f600000, 0x000000008f700000|  0%| F|  |TAMS 0x000000008f600000, 0x000000008f600000| Untracked 
| 247|0x000000008f700000, 0x000000008f700000, 0x000000008f800000|  0%| F|  |TAMS 0x000000008f700000, 0x000000008f700000| Untracked 
| 248|0x000000008f800000, 0x000000008f800000, 0x000000008f900000|  0%| F|  |TAMS 0x000000008f800000, 0x000000008f800000| Untracked 
| 249|0x000000008f900000, 0x000000008f900000, 0x000000008fa00000|  0%| F|  |TAMS 0x000000008f900000, 0x000000008f900000| Untracked 
| 250|0x000000008fa00000, 0x000000008fa00000, 0x000000008fb00000|  0%| F|  |TAMS 0x000000008fa00000, 0x000000008fa00000| Untracked 
| 251|0x000000008fb00000, 0x000000008fb00000, 0x000000008fc00000|  0%| F|  |TAMS 0x000000008fb00000, 0x000000008fb00000| Untracked 
| 252|0x000000008fc00000, 0x000000008fc00000, 0x000000008fd00000|  0%| F|  |TAMS 0x000000008fc00000, 0x000000008fc00000| Untracked 
| 253|0x000000008fd00000, 0x000000008fd00000, 0x000000008fe00000|  0%| F|  |TAMS 0x000000008fd00000, 0x000000008fd00000| Untracked 
| 254|0x000000008fe00000, 0x000000008fe00000, 0x000000008ff00000|  0%| F|  |TAMS 0x000000008fe00000, 0x000000008fe00000| Untracked 
| 255|0x000000008ff00000, 0x000000008ff00000, 0x0000000090000000|  0%| F|  |TAMS 0x000000008ff00000, 0x000000008ff00000| Untracked 
| 256|0x0000000090000000, 0x0000000090000000, 0x0000000090100000|  0%| F|  |TAMS 0x0000000090000000, 0x0000000090000000| Untracked 
| 257|0x0000000090100000, 0x0000000090100000, 0x0000000090200000|  0%| F|  |TAMS 0x0000000090100000, 0x0000000090100000| Untracked 
| 258|0x0000000090200000, 0x0000000090200000, 0x0000000090300000|  0%| F|  |TAMS 0x0000000090200000, 0x0000000090200000| Untracked 
| 259|0x0000000090300000, 0x0000000090300000, 0x0000000090400000|  0%| F|  |TAMS 0x0000000090300000, 0x0000000090300000| Untracked 
| 260|0x0000000090400000, 0x0000000090400000, 0x0000000090500000|  0%| F|  |TAMS 0x0000000090400000, 0x0000000090400000| Untracked 
| 261|0x0000000090500000, 0x0000000090500000, 0x0000000090600000|  0%| F|  |TAMS 0x0000000090500000, 0x0000000090500000| Untracked 
| 262|0x0000000090600000, 0x0000000090600000, 0x0000000090700000|  0%| F|  |TAMS 0x0000000090600000, 0x0000000090600000| Untracked 
| 263|0x0000000090700000, 0x0000000090700000, 0x0000000090800000|  0%| F|  |TAMS 0x0000000090700000, 0x0000000090700000| Untracked 
| 264|0x0000000090800000, 0x0000000090800000, 0x0000000090900000|  0%| F|  |TAMS 0x0000000090800000, 0x0000000090800000| Untracked 
| 265|0x0000000090900000, 0x0000000090900000, 0x0000000090a00000|  0%| F|  |TAMS 0x0000000090900000, 0x0000000090900000| Untracked 
| 266|0x0000000090a00000, 0x0000000090a00000, 0x0000000090b00000|  0%| F|  |TAMS 0x0000000090a00000, 0x0000000090a00000| Untracked 
| 267|0x0000000090b00000, 0x0000000090b00000, 0x0000000090c00000|  0%| F|  |TAMS 0x0000000090b00000, 0x0000000090b00000| Untracked 
| 268|0x0000000090c00000, 0x0000000090c00000, 0x0000000090d00000|  0%| F|  |TAMS 0x0000000090c00000, 0x0000000090c00000| Untracked 
| 269|0x0000000090d00000, 0x0000000090d00000, 0x0000000090e00000|  0%| F|  |TAMS 0x0000000090d00000, 0x0000000090d00000| Untracked 
| 270|0x0000000090e00000, 0x0000000090e00000, 0x0000000090f00000|  0%| F|  |TAMS 0x0000000090e00000, 0x0000000090e00000| Untracked 
| 271|0x0000000090f00000, 0x0000000090f00000, 0x0000000091000000|  0%| F|  |TAMS 0x0000000090f00000, 0x0000000090f00000| Untracked 
| 272|0x0000000091000000, 0x0000000091000000, 0x0000000091100000|  0%| F|  |TAMS 0x0000000091000000, 0x0000000091000000| Untracked 
| 273|0x0000000091100000, 0x0000000091100000, 0x0000000091200000|  0%| F|  |TAMS 0x0000000091100000, 0x0000000091100000| Untracked 
| 274|0x0000000091200000, 0x0000000091200000, 0x0000000091300000|  0%| F|  |TAMS 0x0000000091200000, 0x0000000091200000| Untracked 
| 275|0x0000000091300000, 0x0000000091300000, 0x0000000091400000|  0%| F|  |TAMS 0x0000000091300000, 0x0000000091300000| Untracked 
| 276|0x0000000091400000, 0x0000000091400000, 0x0000000091500000|  0%| F|  |TAMS 0x0000000091400000, 0x0000000091400000| Untracked 
| 277|0x0000000091500000, 0x0000000091500000, 0x0000000091600000|  0%| F|  |TAMS 0x0000000091500000, 0x0000000091500000| Untracked 
| 278|0x0000000091600000, 0x0000000091600000, 0x0000000091700000|  0%| F|  |TAMS 0x0000000091600000, 0x0000000091600000| Untracked 
| 279|0x0000000091700000, 0x0000000091700000, 0x0000000091800000|  0%| F|  |TAMS 0x0000000091700000, 0x0000000091700000| Untracked 
| 280|0x0000000091800000, 0x0000000091800000, 0x0000000091900000|  0%| F|  |TAMS 0x0000000091800000, 0x0000000091800000| Untracked 
| 281|0x0000000091900000, 0x0000000091900000, 0x0000000091a00000|  0%| F|  |TAMS 0x0000000091900000, 0x0000000091900000| Untracked 
| 282|0x0000000091a00000, 0x0000000091a00000, 0x0000000091b00000|  0%| F|  |TAMS 0x0000000091a00000, 0x0000000091a00000| Untracked 
| 283|0x0000000091b00000, 0x0000000091b00000, 0x0000000091c00000|  0%| F|  |TAMS 0x0000000091b00000, 0x0000000091b00000| Untracked 
| 284|0x0000000091c00000, 0x0000000091c00000, 0x0000000091d00000|  0%| F|  |TAMS 0x0000000091c00000, 0x0000000091c00000| Untracked 
| 285|0x0000000091d00000, 0x0000000091d00000, 0x0000000091e00000|  0%| F|  |TAMS 0x0000000091d00000, 0x0000000091d00000| Untracked 
| 286|0x0000000091e00000, 0x0000000091e00000, 0x0000000091f00000|  0%| F|  |TAMS 0x0000000091e00000, 0x0000000091e00000| Untracked 
| 287|0x0000000091f00000, 0x0000000091f81118, 0x0000000092000000| 50%| E|  |TAMS 0x0000000091f00000, 0x0000000091f00000| Complete 
| 288|0x0000000092000000, 0x0000000092100000, 0x0000000092100000|100%| E|CS|TAMS 0x0000000092000000, 0x0000000092000000| Complete 
| 289|0x0000000092100000, 0x0000000092200000, 0x0000000092200000|100%| E|CS|TAMS 0x0000000092100000, 0x0000000092100000| Complete 
| 290|0x0000000092200000, 0x0000000092300000, 0x0000000092300000|100%| E|CS|TAMS 0x0000000092200000, 0x0000000092200000| Complete 
| 291|0x0000000092300000, 0x0000000092400000, 0x0000000092400000|100%| E|CS|TAMS 0x0000000092300000, 0x0000000092300000| Complete 
| 292|0x0000000092400000, 0x0000000092500000, 0x0000000092500000|100%| E|CS|TAMS 0x0000000092400000, 0x0000000092400000| Complete 
| 293|0x0000000092500000, 0x0000000092600000, 0x0000000092600000|100%| E|CS|TAMS 0x0000000092500000, 0x0000000092500000| Complete 
| 294|0x0000000092600000, 0x0000000092700000, 0x0000000092700000|100%| E|CS|TAMS 0x0000000092600000, 0x0000000092600000| Complete 
| 295|0x0000000092700000, 0x0000000092800000, 0x0000000092800000|100%| E|CS|TAMS 0x0000000092700000, 0x0000000092700000| Complete 
| 296|0x0000000092800000, 0x0000000092900000, 0x0000000092900000|100%| E|CS|TAMS 0x0000000092800000, 0x0000000092800000| Complete 
| 297|0x0000000092900000, 0x0000000092a00000, 0x0000000092a00000|100%| S|CS|TAMS 0x0000000092900000, 0x0000000092900000| Complete 
| 298|0x0000000092a00000, 0x0000000092b00000, 0x0000000092b00000|100%| S|CS|TAMS 0x0000000092a00000, 0x0000000092a00000| Complete 
| 299|0x0000000092b00000, 0x0000000092c00000, 0x0000000092c00000|100%| E|CS|TAMS 0x0000000092b00000, 0x0000000092b00000| Complete 
| 300|0x0000000092c00000, 0x0000000092d00000, 0x0000000092d00000|100%| E|CS|TAMS 0x0000000092c00000, 0x0000000092c00000| Complete 
| 301|0x0000000092d00000, 0x0000000092e00000, 0x0000000092e00000|100%| E|CS|TAMS 0x0000000092d00000, 0x0000000092d00000| Complete 
| 302|0x0000000092e00000, 0x0000000092f00000, 0x0000000092f00000|100%| E|CS|TAMS 0x0000000092e00000, 0x0000000092e00000| Complete 
| 303|0x0000000092f00000, 0x0000000093000000, 0x0000000093000000|100%| E|CS|TAMS 0x0000000092f00000, 0x0000000092f00000| Complete 
| 304|0x0000000093000000, 0x0000000093100000, 0x0000000093100000|100%| E|CS|TAMS 0x0000000093000000, 0x0000000093000000| Complete 
| 305|0x0000000093100000, 0x0000000093200000, 0x0000000093200000|100%| E|CS|TAMS 0x0000000093100000, 0x0000000093100000| Complete 
| 306|0x0000000093200000, 0x0000000093300000, 0x0000000093300000|100%| E|CS|TAMS 0x0000000093200000, 0x0000000093200000| Complete 
| 307|0x0000000093300000, 0x0000000093400000, 0x0000000093400000|100%| E|CS|TAMS 0x0000000093300000, 0x0000000093300000| Complete 
| 308|0x0000000093400000, 0x0000000093500000, 0x0000000093500000|100%| E|CS|TAMS 0x0000000093400000, 0x0000000093400000| Complete 
| 309|0x0000000093500000, 0x0000000093600000, 0x0000000093600000|100%| E|CS|TAMS 0x0000000093500000, 0x0000000093500000| Complete 
| 310|0x0000000093600000, 0x0000000093700000, 0x0000000093700000|100%| E|CS|TAMS 0x0000000093600000, 0x0000000093600000| Complete 
| 311|0x0000000093700000, 0x0000000093800000, 0x0000000093800000|100%| E|CS|TAMS 0x0000000093700000, 0x0000000093700000| Complete 
| 312|0x0000000093800000, 0x0000000093900000, 0x0000000093900000|100%| E|CS|TAMS 0x0000000093800000, 0x0000000093800000| Complete 
| 313|0x0000000093900000, 0x0000000093a00000, 0x0000000093a00000|100%| E|CS|TAMS 0x0000000093900000, 0x0000000093900000| Complete 

Card table byte_map: [0x00000172f2f00000,0x00000172f3300000] _byte_map_base: 0x00000172f2b00000

Marking Bits (Prev, Next): (CMBitMap*) 0x00000172dbd5eae0, (CMBitMap*) 0x00000172dbd5eaa0
 Prev Bits: [0x00000172f5700000, 0x00000172f7700000)
 Next Bits: [0x00000172f3700000, 0x00000172f5700000)

Polling page: 0x00000172d9c80000

Metaspace:

Usage:
  Non-class:     82.60 MB used.
      Class:     13.52 MB used.
       Both:     96.12 MB used.

Virtual space:
  Non-class space:      128.00 MB reserved,      83.25 MB ( 65%) committed,  2 nodes.
      Class space:      416.00 MB reserved,      14.00 MB (  3%) committed,  1 nodes.
             Both:      544.00 MB reserved,      97.25 MB ( 18%) committed. 

Chunk freelists:
   Non-Class:  12.09 MB
       Class:  1.88 MB
        Both:  13.97 MB

MaxMetaspaceSize: 512.00 MB
CompressedClassSpaceSize: 416.00 MB
Initial GC threshold: 21.00 MB
Current GC threshold: 160.56 MB
CDS: on
MetaspaceReclaimPolicy: balanced
 - commit_granule_bytes: 65536.
 - commit_granule_words: 8192.
 - virtual_space_node_default_size: 8388608.
 - enlarge_chunks_in_place: 1.
 - new_chunks_are_fully_committed: 0.
 - uncommit_free_chunks: 1.
 - use_allocation_guard: 0.
 - handle_deallocations: 1.


Internal statistics:

num_allocs_failed_limit: 6.
num_arena_births: 1470.
num_arena_deaths: 0.
num_vsnodes_births: 3.
num_vsnodes_deaths: 0.
num_space_committed: 1556.
num_space_uncommitted: 0.
num_chunks_returned_to_freelist: 6.
num_chunks_taken_from_freelist: 5914.
num_chunk_merges: 6.
num_chunk_splits: 3776.
num_chunks_enlarged: 2328.
num_inconsistent_stats: 0.

CodeHeap 'non-profiled nmethods': size=120000Kb used=7690Kb max_used=7690Kb free=112309Kb
 bounds [0x00000172eb080000, 0x00000172eb810000, 0x00000172f25b0000]
CodeHeap 'profiled nmethods': size=120000Kb used=25529Kb max_used=25529Kb free=94470Kb
 bounds [0x00000172e35b0000, 0x00000172e4ea0000, 0x00000172eaae0000]
CodeHeap 'non-nmethods': size=5760Kb used=2412Kb max_used=2463Kb free=3347Kb
 bounds [0x00000172eaae0000, 0x00000172ead50000, 0x00000172eb080000]
 total_blobs=13404 nmethods=12458 adapters=856
 compilation: enabled
              stopped_count=0, restarted_count=0
 full_count=0

Compilation events (20 events):
Event: 154.248 Thread 0x00000172fa371630 14040       1       org.gradle.internal.logging.events.RenderableOutputEvent::getBuildOperationId (5 bytes)
Event: 154.249 Thread 0x00000172fa371630 nmethod 14040 0x00000172eb801b10 code [0x00000172eb801ca0, 0x00000172eb801d78]
Event: 154.253 Thread 0x00000172fa371630 14041       3       groovyjarjarasm.asm.ByteVector::enlarge (73 bytes)
Event: 154.253 Thread 0x00000172fa371630 nmethod 14041 0x00000172e4e89510 code [0x00000172e4e896e0, 0x00000172e4e89b18]
Event: 154.285 Thread 0x00000172fa371630 14042       3       org.gradle.model.internal.core.ModelPath::path (55 bytes)
Event: 154.286 Thread 0x00000172fa371630 nmethod 14042 0x00000172e4e89c90 code [0x00000172e4e89ec0, 0x00000172e4e8a638]
Event: 154.286 Thread 0x00000172fa371630 14043  s    3       org.gradle.model.internal.core.ModelPath$Cache::get (41 bytes)
Event: 154.287 Thread 0x00000172fa371630 nmethod 14043 0x00000172e4e8a910 code [0x00000172e4e8ab20, 0x00000172e4e8b308]
Event: 154.296 Thread 0x00000172fa371630 14045       3       org.codehaus.groovy.runtime.MetaClassHelper::calculateParameterDistance (206 bytes)
Event: 154.298 Thread 0x00000172fa371630 nmethod 14045 0x00000172e4e8b590 code [0x00000172e4e8b8a0, 0x00000172e4e8cd08]
Event: 154.302 Thread 0x00000172fa371630 14046       3       org.gradle.api.internal.artifacts.dependencies.DefaultExternalModuleDependency::<init> (13 bytes)
Event: 154.302 Thread 0x00000172fa371630 nmethod 14046 0x00000172e4e8d410 code [0x00000172e4e8d5e0, 0x00000172e4e8d9c8]
Event: 154.302 Thread 0x00000172fa371630 14047       3       org.gradle.api.internal.artifacts.dependencies.AbstractExternalModuleDependency::assertModuleId (20 bytes)
Event: 154.303 Thread 0x00000172fa371630 nmethod 14047 0x00000172e4e8db90 code [0x00000172e4e8dd60, 0x00000172e4e8e058]
Event: 154.303 Thread 0x00000172fa371630 14048       3       org.gradle.api.internal.artifacts.dsl.dependencies.DefaultDependencyHandler::doAdd (173 bytes)
Event: 154.305 Thread 0x00000172fa371630 nmethod 14048 0x00000172e4e8e190 code [0x00000172e4e8e5a0, 0x00000172e4e90718]
Event: 154.305 Thread 0x00000172fa371630 14049       3       groovy.lang.MetaClassImpl::handleMatches (57 bytes)
Event: 154.305 Thread 0x00000172fa371630 nmethod 14049 0x00000172e4e90f10 code [0x00000172e4e91120, 0x00000172e4e916b8]
Event: 154.373 Thread 0x00000172fa371630 14050       3       org.gradle.api.internal.collections.SortedSetElementSource::estimatedSize (5 bytes)
Event: 155.116 Thread 0x00000172fa371630 nmethod 14050 0x00000172e4e91910 code [0x00000172e4e91ac0, 0x00000172e4e91c08]

GC Heap History (20 events):
Event: 143.650 GC heap before
{Heap before GC invocations=57 (full 0):
 garbage-first heap   total 211968K, used 177152K [0x0000000080000000, 0x0000000100000000)
  region size 1024K, 21 young (21504K), 4 survivors (4096K)
 Metaspace       used 96275K, committed 97408K, reserved 557056K
  class space    used 13516K, committed 14016K, reserved 425984K
}
Event: 143.656 GC heap after
{Heap after GC invocations=58 (full 0):
 garbage-first heap   total 211968K, used 163108K [0x0000000080000000, 0x0000000100000000)
  region size 1024K, 3 young (3072K), 3 survivors (3072K)
 Metaspace       used 96275K, committed 97408K, reserved 557056K
  class space    used 13516K, committed 14016K, reserved 425984K
}
Event: 146.797 GC heap before
{Heap before GC invocations=58 (full 0):
 garbage-first heap   total 211968K, used 180516K [0x0000000080000000, 0x0000000100000000)
  region size 1024K, 19 young (19456K), 3 survivors (3072K)
 Metaspace       used 96345K, committed 97472K, reserved 557056K
  class space    used 13525K, committed 14016K, reserved 425984K
}
Event: 146.803 GC heap after
{Heap after GC invocations=59 (full 0):
 garbage-first heap   total 211968K, used 168950K [0x0000000080000000, 0x0000000100000000)
  region size 1024K, 3 young (3072K), 3 survivors (3072K)
 Metaspace       used 96345K, committed 97472K, reserved 557056K
  class space    used 13525K, committed 14016K, reserved 425984K
}
Event: 148.294 GC heap before
{Heap before GC invocations=59 (full 0):
 garbage-first heap   total 211968K, used 182262K [0x0000000080000000, 0x0000000100000000)
  region size 1024K, 15 young (15360K), 3 survivors (3072K)
 Metaspace       used 96852K, committed 98048K, reserved 557056K
  class space    used 13608K, committed 14144K, reserved 425984K
}
Event: 148.300 GC heap after
{Heap after GC invocations=60 (full 0):
 garbage-first heap   total 211968K, used 176554K [0x0000000080000000, 0x0000000100000000)
  region size 1024K, 2 young (2048K), 2 survivors (2048K)
 Metaspace       used 96852K, committed 98048K, reserved 557056K
  class space    used 13608K, committed 14144K, reserved 425984K
}
Event: 148.980 GC heap before
{Heap before GC invocations=60 (full 0):
 garbage-first heap   total 211968K, used 184746K [0x0000000080000000, 0x0000000100000000)
  region size 1024K, 10 young (10240K), 2 survivors (2048K)
 Metaspace       used 97009K, committed 98176K, reserved 557056K
  class space    used 13623K, committed 14144K, reserved 425984K
}
Event: 148.987 GC heap after
{Heap after GC invocations=61 (full 0):
 garbage-first heap   total 211968K, used 178946K [0x0000000080000000, 0x0000000100000000)
  region size 1024K, 2 young (2048K), 2 survivors (2048K)
 Metaspace       used 97009K, committed 98176K, reserved 557056K
  class space    used 13623K, committed 14144K, reserved 425984K
}
Event: 149.590 GC heap before
{Heap before GC invocations=61 (full 0):
 garbage-first heap   total 211968K, used 187138K [0x0000000080000000, 0x0000000100000000)
  region size 1024K, 10 young (10240K), 2 survivors (2048K)
 Metaspace       used 97236K, committed 98368K, reserved 557056K
  class space    used 13648K, committed 14144K, reserved 425984K
}
Event: 149.597 GC heap after
{Heap after GC invocations=62 (full 0):
 garbage-first heap   total 211968K, used 181138K [0x0000000080000000, 0x0000000100000000)
  region size 1024K, 2 young (2048K), 2 survivors (2048K)
 Metaspace       used 97236K, committed 98368K, reserved 557056K
  class space    used 13648K, committed 14144K, reserved 425984K
}
Event: 150.493 GC heap before
{Heap before GC invocations=62 (full 0):
 garbage-first heap   total 211968K, used 189330K [0x0000000080000000, 0x0000000100000000)
  region size 1024K, 10 young (10240K), 2 survivors (2048K)
 Metaspace       used 97354K, committed 98560K, reserved 557056K
  class space    used 13663K, committed 14208K, reserved 425984K
}
Event: 150.499 GC heap after
{Heap after GC invocations=63 (full 0):
 garbage-first heap   total 211968K, used 183904K [0x0000000080000000, 0x0000000100000000)
  region size 1024K, 2 young (2048K), 2 survivors (2048K)
 Metaspace       used 97354K, committed 98560K, reserved 557056K
  class space    used 13663K, committed 14208K, reserved 425984K
}
Event: 151.247 GC heap before
{Heap before GC invocations=63 (full 0):
 garbage-first heap   total 211968K, used 192096K [0x0000000080000000, 0x0000000100000000)
  region size 1024K, 10 young (10240K), 2 survivors (2048K)
 Metaspace       used 97461K, committed 98624K, reserved 557056K
  class space    used 13674K, committed 14208K, reserved 425984K
}
Event: 151.253 GC heap after
{Heap after GC invocations=64 (full 0):
 garbage-first heap   total 211968K, used 186461K [0x0000000080000000, 0x0000000100000000)
  region size 1024K, 2 young (2048K), 2 survivors (2048K)
 Metaspace       used 97461K, committed 98624K, reserved 557056K
  class space    used 13674K, committed 14208K, reserved 425984K
}
Event: 151.702 GC heap before
{Heap before GC invocations=64 (full 0):
 garbage-first heap   total 211968K, used 193629K [0x0000000080000000, 0x0000000100000000)
  region size 1024K, 10 young (10240K), 2 survivors (2048K)
 Metaspace       used 97467K, committed 98624K, reserved 557056K
  class space    used 13674K, committed 14208K, reserved 425984K
}
Event: 151.709 GC heap after
{Heap after GC invocations=65 (full 0):
 garbage-first heap   total 211968K, used 188530K [0x0000000080000000, 0x0000000100000000)
  region size 1024K, 2 young (2048K), 2 survivors (2048K)
 Metaspace       used 97467K, committed 98624K, reserved 557056K
  class space    used 13674K, committed 14208K, reserved 425984K
}
Event: 152.270 GC heap before
{Heap before GC invocations=66 (full 0):
 garbage-first heap   total 321536K, used 200818K [0x0000000080000000, 0x0000000100000000)
  region size 1024K, 15 young (15360K), 2 survivors (2048K)
 Metaspace       used 97468K, committed 98624K, reserved 557056K
  class space    used 13674K, committed 14208K, reserved 425984K
}
Event: 152.275 GC heap after
{Heap after GC invocations=67 (full 0):
 garbage-first heap   total 321536K, used 190464K [0x0000000080000000, 0x0000000100000000)
  region size 1024K, 2 young (2048K), 2 survivors (2048K)
 Metaspace       used 97468K, committed 98624K, reserved 557056K
  class space    used 13674K, committed 14208K, reserved 425984K
}
Event: 153.101 GC heap before
{Heap before GC invocations=67 (full 0):
 garbage-first heap   total 321536K, used 205824K [0x0000000080000000, 0x0000000100000000)
  region size 1024K, 15 young (15360K), 2 survivors (2048K)
 Metaspace       used 97863K, committed 99072K, reserved 557056K
  class space    used 13754K, committed 14272K, reserved 425984K
}
Event: 153.110 GC heap after
{Heap after GC invocations=68 (full 0):
 garbage-first heap   total 321536K, used 192708K [0x0000000080000000, 0x0000000100000000)
  region size 1024K, 2 young (2048K), 2 survivors (2048K)
 Metaspace       used 97863K, committed 99072K, reserved 557056K
  class space    used 13754K, committed 14272K, reserved 425984K
}

Deoptimization events (20 events):
Event: 153.268 Thread 0x000001729b6a6c80 Uncommon trap: trap_request=0xfffffff4 fr.pc=0x00000172eb28e034 relative=0x0000000000002ef4
Event: 153.269 Thread 0x000001729b6a6c80 Uncommon trap: reason=null_check action=make_not_entrant pc=0x00000172eb28e034 method=jdk.internal.loader.URLClassPath$JarLoader.getResource(Ljava/lang/String;ZLjava/util/Set;)Ljdk/internal/loader/Resource; @ 92 c2
Event: 153.269 Thread 0x000001729b6a6c80 DEOPT PACKING pc=0x00000172eb28e034 sp=0x00000068625ee8f0
Event: 153.269 Thread 0x000001729b6a6c80 DEOPT UNPACKING pc=0x00000172eab323a3 sp=0x00000068625ee898 mode 2
Event: 154.191 Thread 0x000001729b6a6c80 DEOPT PACKING pc=0x00000172e3a0a37b sp=0x00000068625f78c0
Event: 154.191 Thread 0x000001729b6a6c80 DEOPT UNPACKING pc=0x00000172eab32b43 sp=0x00000068625f6e10 mode 0
Event: 154.243 Thread 0x000001729b6a6c80 Uncommon trap: trap_request=0xffffffde fr.pc=0x00000172eb1f1504 relative=0x0000000000000804
Event: 154.243 Thread 0x000001729b6a6c80 Uncommon trap: reason=class_check action=maybe_recompile pc=0x00000172eb1f1504 method=org.gradle.internal.logging.sink.OutputEventTransformer.onOutput(Lorg/gradle/internal/logging/events/OutputEvent;)V @ 272 c2
Event: 154.243 Thread 0x000001729b6a6c80 DEOPT PACKING pc=0x00000172eb1f1504 sp=0x00000068625f71b0
Event: 154.243 Thread 0x000001729b6a6c80 DEOPT UNPACKING pc=0x00000172eab323a3 sp=0x00000068625f7148 mode 2
Event: 154.248 Thread 0x000001729b6a6c80 Uncommon trap: trap_request=0xffffff45 fr.pc=0x00000172eb680acc relative=0x00000000000000ac
Event: 154.248 Thread 0x000001729b6a6c80 Uncommon trap: reason=unstable_if action=reinterpret pc=0x00000172eb680acc method=org.gradle.internal.operations.logging.LoggingBuildOperationProgressBroadcaster.onOutput(Lorg/gradle/internal/logging/events/OutputEvent;)V @ 4 c2
Event: 154.248 Thread 0x000001729b6a6c80 DEOPT PACKING pc=0x00000172eb680acc sp=0x00000068625f71d0
Event: 154.248 Thread 0x000001729b6a6c80 DEOPT UNPACKING pc=0x00000172eab323a3 sp=0x00000068625f7150 mode 2
Event: 154.249 Thread 0x000001729b6a6c80 Uncommon trap: trap_request=0xffffffde fr.pc=0x00000172eb1f1504 relative=0x0000000000000804
Event: 154.249 Thread 0x000001729b6a6c80 Uncommon trap: reason=class_check action=maybe_recompile pc=0x00000172eb1f1504 method=org.gradle.internal.logging.sink.OutputEventTransformer.onOutput(Lorg/gradle/internal/logging/events/OutputEvent;)V @ 272 c2
Event: 154.249 Thread 0x000001729b6a6c80 DEOPT PACKING pc=0x00000172eb1f1504 sp=0x00000068625f71b0
Event: 154.249 Thread 0x000001729b6a6c80 DEOPT UNPACKING pc=0x00000172eab323a3 sp=0x00000068625f7148 mode 2
Event: 154.358 Thread 0x000001729b6a6c80 DEOPT PACKING pc=0x00000172e4bee514 sp=0x00000068625f9d70
Event: 154.358 Thread 0x000001729b6a6c80 DEOPT UNPACKING pc=0x00000172eab32b43 sp=0x00000068625f9260 mode 0

Classes unloaded (0 events):
No events

Classes redefined (0 events):
No events

Internal exceptions (20 events):
Event: 153.674 Thread 0x000001729b6a6c80 Exception <a 'java/lang/ClassNotFoundException'{0x0000000092c52fa8}: org/gradle/api/internal/tasks/DefaultTaskContainer_DecoratedBeanInfo> (0x0000000092c52fa8) 
thrown [s\open\src\hotspot\share\classfile\systemDictionary.cpp, line 256]
Event: 153.677 Thread 0x000001729b6a6c80 Exception <a 'java/lang/ClassNotFoundException'{0x0000000092c69750}: org/gradle/api/internal/tasks/DefaultTaskContainerBeanInfo> (0x0000000092c69750) 
thrown [s\open\src\hotspot\share\classfile\systemDictionary.cpp, line 256]
Event: 153.680 Thread 0x000001729b6a6c80 Exception <a 'java/lang/ClassNotFoundException'{0x0000000092c801c8}: org/gradle/api/internal/tasks/DefaultTaskCollectionBeanInfo> (0x0000000092c801c8) 
thrown [s\open\src\hotspot\share\classfile\systemDictionary.cpp, line 256]
Event: 153.683 Thread 0x000001729b6a6c80 Exception <a 'java/lang/ClassNotFoundException'{0x0000000092c96e78}: org/gradle/api/internal/tasks/DefaultTaskCollectionCustomizer> (0x0000000092c96e78) 
thrown [s\open\src\hotspot\share\classfile\systemDictionary.cpp, line 256]
Event: 153.689 Thread 0x000001729b6a6c80 Exception <a 'java/lang/ClassNotFoundException'{0x0000000092ce14e8}: org/gradle/api/internal/tasks/DefaultTaskContainerCustomizer> (0x0000000092ce14e8) 
thrown [s\open\src\hotspot\share\classfile\systemDictionary.cpp, line 256]
Event: 153.697 Thread 0x000001729b6a6c80 Exception <a 'java/lang/ClassNotFoundException'{0x0000000092b4a4d0}: org/gradle/api/internal/tasks/DefaultTaskContainer_DecoratedCustomizer> (0x0000000092b4a4d0) 
thrown [s\open\src\hotspot\share\classfile\systemDictionary.cpp, line 256]
Event: 153.985 Thread 0x000001729b6a6c80 Exception <a 'java/lang/ClassNotFoundException'{0x0000000092686a08}: org/gradle/api/tasks/Copy_DecoratedBeanInfo> (0x0000000092686a08) 
thrown [s\open\src\hotspot\share\classfile\systemDictionary.cpp, line 256]
Event: 153.986 Thread 0x000001729b6a6c80 Exception <a 'java/lang/ClassNotFoundException'{0x000000009269ca10}: org/gradle/api/tasks/CopyBeanInfo> (0x000000009269ca10) 
thrown [s\open\src\hotspot\share\classfile\systemDictionary.cpp, line 256]
Event: 153.987 Thread 0x000001729b6a6c80 Exception <a 'java/lang/ClassNotFoundException'{0x00000000926b2cd8}: org/gradle/api/tasks/AbstractCopyTaskBeanInfo> (0x00000000926b2cd8) 
thrown [s\open\src\hotspot\share\classfile\systemDictionary.cpp, line 256]
Event: 153.987 Thread 0x000001729b6a6c80 Exception <a 'java/lang/ClassNotFoundException'{0x00000000926c9038}: org/gradle/api/internal/ConventionTaskBeanInfo> (0x00000000926c9038) 
thrown [s\open\src\hotspot\share\classfile\systemDictionary.cpp, line 256]
Event: 153.988 Thread 0x000001729b6a6c80 Exception <a 'java/lang/ClassNotFoundException'{0x00000000926df4d0}: org/gradle/api/internal/ConventionTaskCustomizer> (0x00000000926df4d0) 
thrown [s\open\src\hotspot\share\classfile\systemDictionary.cpp, line 256]
Event: 154.016 Thread 0x000001729b6a6c80 Exception <a 'java/lang/ClassNotFoundException'{0x0000000092504e60}: org/gradle/api/tasks/AbstractCopyTaskCustomizer> (0x0000000092504e60) 
thrown [s\open\src\hotspot\share\classfile\systemDictionary.cpp, line 256]
Event: 154.062 Thread 0x000001729b6a6c80 Exception <a 'java/lang/ClassNotFoundException'{0x0000000092592008}: org/gradle/api/tasks/CopyCustomizer> (0x0000000092592008) 
thrown [s\open\src\hotspot\share\classfile\systemDictionary.cpp, line 256]
Event: 154.065 Thread 0x000001729b6a6c80 Exception <a 'java/lang/ClassNotFoundException'{0x00000000925bee00}: org/gradle/api/tasks/Copy_DecoratedCustomizer> (0x00000000925bee00) 
thrown [s\open\src\hotspot\share\classfile\systemDictionary.cpp, line 256]
Event: 154.148 Thread 0x000001729b6a6c80 Exception <a 'java/lang/ClassNotFoundException'{0x00000000924a6b98}: org/gradle/api/tasks/Delete_DecoratedBeanInfo> (0x00000000924a6b98) 
thrown [s\open\src\hotspot\share\classfile\systemDictionary.cpp, line 256]
Event: 154.171 Thread 0x000001729b6a6c80 Exception <a 'java/lang/ClassNotFoundException'{0x00000000924bcbd0}: org/gradle/api/tasks/DeleteBeanInfo> (0x00000000924bcbd0) 
thrown [s\open\src\hotspot\share\classfile\systemDictionary.cpp, line 256]
Event: 154.173 Thread 0x000001729b6a6c80 Exception <a 'java/lang/ClassNotFoundException'{0x00000000924d2bd8}: org/gradle/api/tasks/DeleteCustomizer> (0x00000000924d2bd8) 
thrown [s\open\src\hotspot\share\classfile\systemDictionary.cpp, line 256]
Event: 154.189 Thread 0x000001729b6a6c80 Exception <a 'java/lang/ClassNotFoundException'{0x00000000924fcd18}: org/gradle/api/tasks/Delete_DecoratedCustomizer> (0x00000000924fcd18) 
thrown [s\open\src\hotspot\share\classfile\systemDictionary.cpp, line 256]
Event: 154.337 Thread 0x000001729b6a6c80 Exception <a 'java/lang/ClassNotFoundException'{0x0000000092205c40}: org/gradle/configuration/internal/DefaultListenerBuildOperationDecorator$BuildOperationEmittingClosureBeanInfo> (0x0000000092205c40) 
thrown [s\open\src\hotspot\share\classfile\systemDictionary.cpp, line 256]
Event: 154.339 Thread 0x000001729b6a6c80 Exception <a 'java/lang/ClassNotFoundException'{0x000000009221b828}: org/gradle/configuration/internal/DefaultListenerBuildOperationDecorator$BuildOperationEmittingClosureCustomizer> (0x000000009221b828) 
thrown [s\open\src\hotspot\share\classfile\systemDictionary.cpp, line 256]

VM Operations (20 events):
Event: 150.493 Executing VM operation: G1CollectForAllocation
Event: 150.499 Executing VM operation: G1CollectForAllocation done
Event: 151.247 Executing VM operation: G1CollectForAllocation
Event: 151.253 Executing VM operation: G1CollectForAllocation done
Event: 151.701 Executing VM operation: G1CollectForAllocation
Event: 151.709 Executing VM operation: G1CollectForAllocation done
Event: 151.891 Executing VM operation: G1Concurrent
Event: 151.907 Executing VM operation: G1Concurrent done
Event: 151.982 Executing VM operation: G1Concurrent
Event: 151.983 Executing VM operation: G1Concurrent done
Event: 152.269 Executing VM operation: G1CollectForAllocation
Event: 152.275 Executing VM operation: G1CollectForAllocation done
Event: 152.586 Executing VM operation: HandshakeAllThreads
Event: 152.587 Executing VM operation: HandshakeAllThreads done
Event: 153.101 Executing VM operation: G1CollectForAllocation
Event: 153.110 Executing VM operation: G1CollectForAllocation done
Event: 154.123 Executing VM operation: Cleanup
Event: 154.123 Executing VM operation: Cleanup done
Event: 154.328 Executing VM operation: HandshakeAllThreads
Event: 154.329 Executing VM operation: HandshakeAllThreads done

Events (20 events):
Event: 147.884 loading class java/lang/NumberBeanInfo
Event: 147.884 loading class java/lang/NumberBeanInfo done
Event: 147.885 loading class java/lang/NumberBeanInfo
Event: 147.885 loading class java/lang/NumberBeanInfo done
Event: 147.885 loading class java/lang/NumberCustomizer
Event: 147.885 loading class java/lang/NumberCustomizer done
Event: 147.886 loading class java/lang/NumberCustomizer
Event: 147.886 loading class java/lang/NumberCustomizer done
Event: 147.886 loading class java/lang/IntegerCustomizer
Event: 147.886 loading class java/lang/IntegerCustomizer done
Event: 147.887 loading class java/lang/IntegerCustomizer
Event: 147.887 loading class java/lang/IntegerCustomizer done
Event: 147.997 loading class java/io/LineNumberReader
Event: 147.998 loading class java/io/LineNumberReader done
Event: 153.272 loading class jdk/internal/loader/URLClassPath$JarLoader$3
Event: 153.278 loading class jdk/internal/loader/URLClassPath$JarLoader$3 done
Event: 153.303 loading class jdk/internal/reflect/UnsafeQualifiedStaticCharacterFieldAccessorImpl
Event: 153.307 loading class jdk/internal/reflect/UnsafeQualifiedStaticCharacterFieldAccessorImpl done
Event: 154.033 loading class java/io/FilterReader
Event: 154.034 loading class java/io/FilterReader done


Dynamic libraries:
0x00007ff64b290000 - 0x00007ff64b2a0000 	C:\Program Files\Java\jdk-17\bin\java.exe
0x00007ff9c20c0000 - 0x00007ff9c2327000 	C:\WINDOWS\SYSTEM32\ntdll.dll
0x00007ff993320000 - 0x00007ff993341000 	C:\Program Files\Avast Software\Avast\aswhook.dll
0x00007ff9c0ad0000 - 0x00007ff9c0b9b000 	C:\WINDOWS\System32\KERNEL32.DLL
0x00007ff9bf500000 - 0x00007ff9bf902000 	C:\WINDOWS\System32\KERNELBASE.dll
0x00007ff9bf9c0000 - 0x00007ff9bfb0c000 	C:\WINDOWS\System32\ucrtbase.dll
0x00007ff980980000 - 0x00007ff98099b000 	C:\Program Files\Java\jdk-17\bin\VCRUNTIME140.dll
0x00007ff9871b0000 - 0x00007ff9871c9000 	C:\Program Files\Java\jdk-17\bin\jli.dll
0x00007ff9bfde0000 - 0x00007ff9bfe9c000 	C:\WINDOWS\System32\ADVAPI32.dll
0x00007ff9c0a20000 - 0x00007ff9c0ac9000 	C:\WINDOWS\System32\msvcrt.dll
0x00007ff9c0250000 - 0x00007ff9c02f9000 	C:\WINDOWS\System32\sechost.dll
0x00007ff9c1540000 - 0x00007ff9c1658000 	C:\WINDOWS\System32\RPCRT4.dll
0x00007ff9c0370000 - 0x00007ff9c053f000 	C:\WINDOWS\System32\USER32.dll
0x00007ff9bf440000 - 0x00007ff9bf467000 	C:\WINDOWS\System32\win32u.dll
0x00007ff99e360000 - 0x00007ff99e5f0000 	C:\WINDOWS\WinSxS\amd64_microsoft.windows.common-controls_6595b64144ccf1df_6.0.26100.9278_none_3e0d1ba8e3303201\COMCTL32.dll
0x00007ff9c0c90000 - 0x00007ff9c0cbb000 	C:\WINDOWS\System32\GDI32.dll
0x00007ff9bfb20000 - 0x00007ff9bfc49000 	C:\WINDOWS\System32\gdi32full.dll
0x00007ff9bf910000 - 0x00007ff9bf9b3000 	C:\WINDOWS\System32\msvcp_win.dll
0x00007ff9b8f50000 - 0x00007ff9b8f5b000 	C:\WINDOWS\SYSTEM32\VERSION.dll
0x00007ff9c0bc0000 - 0x00007ff9c0bf1000 	C:\WINDOWS\System32\IMM32.DLL
0x00007ff995070000 - 0x00007ff99507c000 	C:\Program Files\Java\jdk-17\bin\vcruntime140_1.dll
0x00007ff927640000 - 0x00007ff9276ce000 	C:\Program Files\Java\jdk-17\bin\msvcp140.dll
0x00007ff8b58a0000 - 0x00007ff8b6480000 	C:\Program Files\Java\jdk-17\bin\server\jvm.dll
0x00007ff9c0cc0000 - 0x00007ff9c0cc8000 	C:\WINDOWS\System32\PSAPI.DLL
0x00007ff9ad280000 - 0x00007ff9ad28a000 	C:\WINDOWS\SYSTEM32\WSOCK32.dll
0x00007ff9b8f10000 - 0x00007ff9b8f46000 	C:\WINDOWS\SYSTEM32\WINMM.dll
0x00007ff9c14b0000 - 0x00007ff9c1530000 	C:\WINDOWS\System32\WS2_32.dll
0x00007ff9bdf90000 - 0x00007ff9bdfab000 	C:\WINDOWS\SYSTEM32\kernel.appcore.dll
0x00007ff988020000 - 0x00007ff98802a000 	C:\Program Files\Java\jdk-17\bin\jimage.dll
0x00007ff9b30f0000 - 0x00007ff9b333c000 	C:\WINDOWS\SYSTEM32\DBGHELP.DLL
0x00007ff9c0690000 - 0x00007ff9c0a15000 	C:\WINDOWS\System32\combase.dll
0x00007ff9bfeb0000 - 0x00007ff9bff89000 	C:\WINDOWS\System32\OLEAUT32.dll
0x00007ff9b2810000 - 0x00007ff9b284b000 	C:\WINDOWS\SYSTEM32\dbgcore.DLL
0x00007ff9bf2c0000 - 0x00007ff9bf36c000 	C:\WINDOWS\System32\bcryptPrimitives.dll
0x00007ff99c2b0000 - 0x00007ff99c2be000 	C:\Program Files\Java\jdk-17\bin\instrument.dll
0x00007ff980950000 - 0x00007ff980975000 	C:\Program Files\Java\jdk-17\bin\java.dll
0x00007ff927560000 - 0x00007ff927637000 	C:\Program Files\Java\jdk-17\bin\jsvml.dll
0x00007ff9c1660000 - 0x00007ff9c1df8000 	C:\WINDOWS\System32\SHELL32.dll
0x00007ff9bcd20000 - 0x00007ff9bd5ce000 	C:\WINDOWS\SYSTEM32\windows.storage.dll
0x00007ff9c0560000 - 0x00007ff9c065b000 	C:\WINDOWS\System32\SHCORE.dll
0x00007ff9c0dd0000 - 0x00007ff9c0e36000 	C:\WINDOWS\System32\shlwapi.dll
0x00007ff9bf1e0000 - 0x00007ff9bf209000 	C:\WINDOWS\SYSTEM32\profapi.dll
0x00007ff980910000 - 0x00007ff980928000 	C:\Program Files\Java\jdk-17\bin\zip.dll
0x00007ff97fa40000 - 0x00007ff97fa59000 	C:\Program Files\Java\jdk-17\bin\net.dll
0x00007ff9b5fd0000 - 0x00007ff9b60fa000 	C:\WINDOWS\SYSTEM32\WINHTTP.dll
0x00007ff9be550000 - 0x00007ff9be5bc000 	C:\WINDOWS\system32\mswsock.dll
0x00007ff980930000 - 0x00007ff980946000 	C:\Program Files\Java\jdk-17\bin\nio.dll
0x00007ff986350000 - 0x00007ff986360000 	C:\Program Files\Java\jdk-17\bin\verify.dll
0x00007ff97fa60000 - 0x00007ff97fa87000 	C:\Users\navee\.gradle\native\c067742578af261105cb4f569cf0c3c89f3d7b1fecec35dd04571415982c5e48\windows-amd64\native-platform.dll
0x00007ff8e3ca0000 - 0x00007ff8e3de4000 	C:\Users\navee\.gradle\native\38dada09dfb8b06ba9b0570ebf7e218e3eb74d4ef43ca46872605cf95ebc2f47\windows-amd64\native-platform-file-events.dll
0x00007ff99c2d0000 - 0x00007ff99c2da000 	C:\Program Files\Java\jdk-17\bin\management.dll
0x00007ff99c2c0000 - 0x00007ff99c2cb000 	C:\Program Files\Java\jdk-17\bin\management_ext.dll
0x00007ff9be860000 - 0x00007ff9be87b000 	C:\WINDOWS\SYSTEM32\CRYPTSP.dll
0x00007ff9bdef0000 - 0x00007ff9bdf29000 	C:\WINDOWS\system32\rsaenh.dll
0x00007ff9be600000 - 0x00007ff9be634000 	C:\WINDOWS\SYSTEM32\USERENV.dll
0x00007ff9bf1b0000 - 0x00007ff9bf1da000 	C:\WINDOWS\SYSTEM32\bcrypt.dll
0x00007ff9be840000 - 0x00007ff9be84c000 	C:\WINDOWS\SYSTEM32\CRYPTBASE.dll
0x00007ff9bd990000 - 0x00007ff9bd9c3000 	C:\WINDOWS\SYSTEM32\IPHLPAPI.DLL
0x00007ff9bff90000 - 0x00007ff9bff9a000 	C:\WINDOWS\System32\NSI.dll
0x00007ff9b6bc0000 - 0x00007ff9b6bdd000 	C:\WINDOWS\SYSTEM32\dhcpcsvc6.DLL
0x00007ff9b6ae0000 - 0x00007ff9b6b05000 	C:\WINDOWS\SYSTEM32\dhcpcsvc.DLL
0x00007ff9bd9d0000 - 0x00007ff9bdb28000 	C:\WINDOWS\SYSTEM32\DNSAPI.dll
0x00007ff9be350000 - 0x00007ff9be35d000 	C:\WINDOWS\SYSTEM32\DSPARSE.dll
0x00007ff988f70000 - 0x00007ff988f7e000 	C:\Program Files\Java\jdk-17\bin\sunmscapi.dll
0x00007ff9bfc50000 - 0x00007ff9bfdce000 	C:\WINDOWS\System32\CRYPT32.dll
0x00007ff9bea80000 - 0x00007ff9beab0000 	C:\WINDOWS\SYSTEM32\ncrypt.dll
0x00007ff9bea30000 - 0x00007ff9bea6f000 	C:\WINDOWS\SYSTEM32\NTASN1.dll
0x00007ff995080000 - 0x00007ff995088000 	C:\WINDOWS\system32\wshunix.dll
0x00007ff99e830000 - 0x00007ff99e848000 	C:\WINDOWS\system32\napinsp.dll
0x00007ff99e810000 - 0x00007ff99e823000 	C:\WINDOWS\System32\winrnr.dll
0x00007ff99e7e0000 - 0x00007ff99e807000 	C:\WINDOWS\system32\nlansp_c.dll
0x00007ff99e7c0000 - 0x00007ff99e7d6000 	C:\WINDOWS\system32\wshbth.dll
0x00007ff9b5e90000 - 0x00007ff9b5e9b000 	C:\Windows\System32\rasadhlp.dll
0x00007ff9b8e80000 - 0x00007ff9b8f06000 	C:\WINDOWS\System32\fwpuclnt.dll

dbghelp: loaded successfully - version: 4.0.5 - missing functions: none
symbol engine: initialized successfully - sym options: 0x614 - pdb path: .;C:\Program Files\Java\jdk-17\bin;C:\WINDOWS\SYSTEM32;C:\Program Files\Avast Software\Avast;C:\WINDOWS\WinSxS\amd64_microsoft.windows.common-controls_6595b64144ccf1df_6.0.26100.9278_none_3e0d1ba8e3303201;C:\Program Files\Java\jdk-17\bin\server;C:\Users\navee\.gradle\native\c067742578af261105cb4f569cf0c3c89f3d7b1fecec35dd04571415982c5e48\windows-amd64;C:\Users\navee\.gradle\native\38dada09dfb8b06ba9b0570ebf7e218e3eb74d4ef43ca46872605cf95ebc2f47\windows-amd64

VM Arguments:
jvm_args: -XX:MaxMetaspaceSize=512m --add-opens=java.base/java.util=ALL-UNNAMED --add-opens=java.base/java.lang=ALL-UNNAMED --add-opens=java.base/java.lang.invoke=ALL-UNNAMED --add-opens=java.prefs/java.util.prefs=ALL-UNNAMED --add-opens=java.base/java.nio.charset=ALL-UNNAMED --add-opens=java.base/java.net=ALL-UNNAMED --add-opens=java.base/java.util.concurrent.atomic=ALL-UNNAMED -Xmx2048m -Dfile.encoding=windows-1252 -Duser.country=IN -Duser.language=en -Duser.variant -javaagent:C:\Users\navee\.gradle\wrapper\dists\gradle-8.7-all\aan3ydargesu18aqyqjwhr3pc\gradle-8.7\lib\agents\gradle-instrumentation-agent-8.7.jar 
java_command: org.gradle.launcher.daemon.bootstrap.GradleDaemon 8.7
java_class_path (initial): C:\Users\navee\.gradle\wrapper\dists\gradle-8.7-all\aan3ydargesu18aqyqjwhr3pc\gradle-8.7\lib\gradle-launcher-8.7.jar
Launcher Type: SUN_STANDARD

[Global flags]
     intx CICompilerCount                          = 4                                         {product} {ergonomic}
   size_t CompressedClassSpaceSize                 = 436207616                                 {product} {ergonomic}
     uint ConcGCThreads                            = 3                                         {product} {ergonomic}
     uint G1ConcRefinementThreads                  = 10                                        {product} {ergonomic}
   size_t G1HeapRegionSize                         = 1048576                                   {product} {ergonomic}
    uintx GCDrainStackTargetSize                   = 64                                        {product} {ergonomic}
   size_t InitialHeapSize                          = 123731968                                 {product} {ergonomic}
   size_t MarkStackSize                            = 4194304                                   {product} {ergonomic}
   size_t MaxHeapSize                              = 2147483648                                {product} {command line}
   size_t MaxMetaspaceSize                         = 536870912                                 {product} {command line}
   size_t MaxNewSize                               = 1287651328                                {product} {ergonomic}
   size_t MinHeapDeltaBytes                        = 1048576                                   {product} {ergonomic}
   size_t MinHeapSize                              = 8388608                                   {product} {ergonomic}
    uintx NonNMethodCodeHeapSize                   = 5839372                                {pd product} {ergonomic}
    uintx NonProfiledCodeHeapSize                  = 122909434                              {pd product} {ergonomic}
    uintx ProfiledCodeHeapSize                     = 122909434                              {pd product} {ergonomic}
    uintx ReservedCodeCacheSize                    = 251658240                              {pd product} {ergonomic}
     bool SegmentedCodeCache                       = true                                      {product} {ergonomic}
   size_t SoftMaxHeapSize                          = 2147483648                             {manageable} {ergonomic}
     bool UseCompressedClassPointers               = true                           {product lp64_product} {ergonomic}
     bool UseCompressedOops                        = true                           {product lp64_product} {ergonomic}
     bool UseG1GC                                  = true                                      {product} {ergonomic}
     bool UseLargePagesIndividualAllocation        = false                                  {pd product} {ergonomic}

Logging:
Log output configuration:
 #0: stdout all=warning uptime,level,tags
 #1: stderr all=off uptime,level,tags

Environment Variables:
JAVA_HOME=C:\Program Files\Java\jdk-17
CLASSPATH=D:\INBI Projects\Pygma\PygmaAgentApp\android\\gradle\wrapper\gradle-wrapper.jar
PATH=C:\Users\navee\.codex\tmp\arg0\codex-arg09fiCmG;C:\Python314\Scripts\;C:\Python314\;C:\Program Files\Java\jdk-17\bin;C:\Program Files\Common Files\Oracle\Java\javapath;C:\Program Files (x86)\Common Files\Oracle\Java\java8path;C:\Program Files (x86)\Common Files\Oracle\Java\javapath;C:\windows\system32;C:\windows;C:\windows\System32\Wbem;C:\windows\System32\WindowsPowerShell\v1.0\;C:\windows\System32\OpenSSH\;C:\Program Files\Microsoft SQL Server\150\Tools\Binn\;C:\ProgramData\chocolatey\bin;C:\WINDOWS\system32;C:\WINDOWS;C:\WINDOWS\System32\Wbem;C:\WINDOWS\System32\WindowsPowerShell\v1.0\;C:\WINDOWS\System32\OpenSSH\;C:\Program Files\dotnet\;C:\Program Files\Git\cmd;C:\Program Files\MongoDB\Server\6.0\bin;C:\WINDOWS\system32;C:\WINDOWS;C:\WINDOWS\System32\Wbem;C:\WINDOWS\System32\WindowsPowerShell\v1.0\;C:\WINDOWS\System32\OpenSSH\;C:\Program Files\Microsoft SQL Server\Client SDK\ODBC\170\Tools\Binn\;C:\Program Files (x86)\Android\openjdk\jdk-17.0.14;C:\Program Files (x86)\Microsoft SQL Server\160\Tools\Binn\;C:\Program Files\Microsoft SQL Server\160\Tools\Binn\;C:\Program Files\Microsoft SQL Server\160\DTS\Binn\;C:\Program Files (x86)\Windows Kits\10\Windows Performance Toolkit\;C:\Program Files\Microsoft SQL Server\170\DTS\Binn\;C:\Program Files\nodejs\;C:\Users\navee\AppData\Local\Android\Sdk\platform-tools;C:\Users\navee\AppData\Local\Android\Sdk\tools;C:\Users\navee\AppData\Local\jdk-11.0.2\bin;C:\Users\navee\AppData\Local\Android\Sdk\platform-tools;C:\Users\navee\AppData\Local\Android\Sdk\tools;C:\Users\navee\AppData\Local\jdk-11.0.2\bin;C:\Users\navee\AppData\Local\jdk-11.0.2\bin;C:\Users\navee\AppData\Local\jdk-11.0.2\bin;C:\Users\navee\AppData\Local\Android\Sdk\platform-tools;C:\Users\navee\AppData\Local\Android\Sdk\tools;C:\Users\navee\AppData\Local\jdk-11.0.2\bin;C:\Users\navee\AppData\Local\Android\Sdk\platform-tools;C:\Users\navee\AppData\Local\Android\Sdk\tools;C:\Users\navee\AppData\Local\jdk-11.0.2\bin;C:\Users\navee\AppData\Local\Programs\Python\P
USERNAME=navee
LANG=C.UTF-8
LC_ALL=C.UTF-8
LC_CTYPE=C.UTF-8
OS=Windows_NT
PROCESSOR_IDENTIFIER=AMD64 Family 23 Model 104 Stepping 1, AuthenticAMD



---------------  S Y S T E M  ---------------

OS:
 Windows 11 , 64 bit Build 26100 (10.0.26100.9444)
OS uptime: 5 days 7:01 hours
Hyper-V role detected

CPU: total 12 (initial active 12) (12 cores per cpu, 2 threads per core) family 23 model 104 stepping 1 microcode 0x8608104, cx8, cmov, fxsr, ht, mmx, 3dnowpref, sse, sse2, sse3, ssse3, sse4a, sse4.1, sse4.2, popcnt, lzcnt, tsc, tscinvbit, avx, avx2, aes, clmul, bmi1, bmi2, adx, sha, fma, vzeroupper, clflush, clflushopt, hv

Memory: 4k page, system-wide physical 7501M (266M free)
TotalPageFile size 30029M (AvailPageFile size 10M)
current process WorkingSet (physical memory assigned to process): 354M, peak: 373M
current process commit charge ("private bytes"): 651M, peak: 651M

vm_info: Java HotSpot(TM) 64-Bit Server VM (17.0.12+8-LTS-286) for windows-amd64 JRE (17.0.12+8-LTS-286), built on Jun  5 2024 06:46:59 by "mach5one" with MS VC++ 17.6 (VS2022)

END.
